t,biomass,S1,S2
0.0,0.004,0.5,2.5
0.01,0.00403821378501575,0.4999241310719276,2.4999986479779333
0.02,0.004076814433413208,0.4998474800087563,2.499997295378844
0.03,0.004115805873419299,0.4997700388625809,2.4999959422025997
0.04,0.004155192074158561,0.49969179960280574,2.499994588449061
0.05,0.0041949770464374805,0.4996127541145574,2.4999932341180817
0.06,0.004235164842926665,0.4995328941983166,2.499991879209507
0.07,0.004275759558625021,0.4994522115689788,2.4999905237231754
0.08,0.0043167653310140315,0.4993706978555437,2.4999891676589203
0.09,0.004358186341064976,0.4992883445990769,2.4999878110165676
0.1,0.00440002681363815,0.4992051432519014,2.4999864537959366
0.11,0.004442291017482874,0.49912108517759796,2.4999850959968395
0.12,0.004484983265965817,0.4990361616495312,2.499983737619081
0.13,0.004528107917135674,0.498950363850723,2.499982378662462
0.14,0.004571669374552691,0.49886368287217314,2.4999810191267757
0.15,0.00461567208832858,0.49877610971075276,2.499979659011809
0.16,0.00466012055512658,0.49868763526920445,2.499978298317343
0.17,0.004705019318161464,0.4985982503561421,2.499976937043152
0.18,0.004750372967881508,0.49850794568467094,2.499975575189006
0.19,0.0047961861429451766,0.49841671187041814,2.4999742127546667
0.2,0.004842463529385791,0.49832453943322463,2.4999728497398914
0.21,0.004889209863068456,0.4982314187921674,2.4999714861444295
0.22,0.004936429929804576,0.4981373402653276,2.4999701219680266
0.23,0.004984128565351855,0.49804229406979006,2.4999687572104223
0.24,0.0050323106554142905,0.49794627032164396,2.4999673918713516
0.25,0.00508098113590898,0.4978492590354425,2.4999660259505445
0.26,0.005130144995796978,0.4977512501184803,2.4999646594477256
0.27,0.0051798072738979605,0.49765223337725173,2.4999632923626103
0.28,0.0052299730621439815,0.4975521985108536,2.4999619246949067
0.29,0.005280647506658026,0.49745113510880057,2.4999605564443206
0.3,0.005331835807754009,0.49734903265102526,2.499959187610553
0.31,0.0053835432199367764,0.49724588050787805,2.4999578181933
0.32,0.005435775051902104,0.4971416679401272,2.499956448192255
0.33,0.0054885366665366935,0.4970363840989589,2.4999550776071064
0.34,0.005541833483836318,0.4969300180200742,2.499953706437541
0.35,0.005595670980331708,0.49682255862487423,2.499952334683232
0.36,0.005650054687159638,0.49671399472435335,2.499950962343844
0.37,0.005704990194858279,0.49660431500938446,2.499949589419037
0.38,0.005760483153395326,0.4964935080506619,2.499948215908469
0.39,0.0058165392721680025,0.4963815622987015,2.499946841811796
0.4,0.005873164320003053,0.49626846608384056,2.499945467128669
0.41,0.005930364125156753,0.49615420761623796,2.4999440918587377
0.42,0.0059881445753149,0.496038774985874,2.499942716001649
0.43,0.006046511618759831,0.4959221561601892,2.4999413395570476
0.44,0.00610547127028475,0.49580433897213777,2.4999399625245693
0.45,0.0061650296014909185,0.4956853111398352,2.4999385849038323
0.46,0.006225192748230123,0.4955650602514708,2.4999372066944483
0.47,0.0062859669121952295,0.4954435737620868,2.499935827896029
0.48,0.0063473583609201835,0.4953208389935786,2.499934448508183
0.49,0.006409373427780016,0.4951968431346945,2.499933068530519
0.5,0.006472018511990833,0.49507157324103584,2.499931687962643
0.51,0.006535300078609825,0.494945016235057,2.499930306804159
0.52,0.006599224658535264,0.4948171589060653,2.499928925054671
0.53,0.0066637988485456255,0.4946879879101421,2.499927542713779
0.54,0.006729029319967105,0.4945574897526156,2.4999261597810842
0.55,0.006794922810335194,0.4944256508049752,2.499924776256159
0.56,0.006861486123458054,0.4942924573047091,2.499923392138564
0.57,0.00692872613679596,0.4941578953403598,2.49992200742786
0.58,0.006996649801461303,0.49402195085152434,2.4999206221236068
0.59,0.007065264142218589,0.4938846096288538,2.4999192362253644
0.6,0.007134576257484435,0.4937458573140538,2.4999178497326913
0.61,0.007204593319327574,0.4936056793998842,2.499916462645147
0.62,0.00727532257346885,0.4934640612301594,2.49991507496229
0.63,0.007346771339281226,0.49332098799974783,2.4999136866836773
0.64,0.007418947009789782,0.4931764447545725,2.4999122978088675
0.65,0.007491857058016084,0.4930304163787789,2.499910908337419
0.66,0.0075655090405358115,0.4928828875875909,2.4999095182688644
0.67,0.007639910580543812,0.4927338429615573,2.4999081276027098
0.68,0.007715069383742824,0.4925832669143709,2.499906736338461
0.69,0.00779099323898601,0.49243114369156776,2.499905344475625
0.7,0.007867690018276974,0.4922774573705276,2.499903952013709
0.71,0.007945167676769739,0.4921221918604731,2.4999025589522206
0.72,0.008023434252768769,0.49196533090247063,2.4999011652906695
0.73,0.008102497867728951,0.4918068580694298,2.4998997710285646
0.74,0.008182366726255611,0.4916467567661036,2.499898376165417
0.75,0.008263049116104497,0.4914850102290883,2.4998969807007376
0.76,0.008344553408181793,0.49132160152682375,2.4998955846340385
0.77,0.008426888061702234,0.4911565135491596,2.4998941879648338
0.78,0.008510061637474286,0.4909897289805356,2.4998927906926136
0.79,0.008594082766857327,0.4908212303627902,2.499891392816827
0.8,0.008678960173100646,0.4906510000519332,2.499889994336919
0.81,0.008764702674157248,0.490479020212451,2.4998885952523398
0.82,0.008851319182683847,0.4903052728173062,2.4998871955625384
0.83,0.008938818706040873,0.4901297396479378,2.4998857952669673
0.84,0.009027210346292459,0.48995240229426135,2.499884394365081
0.85,0.00911650330020646,0.4897732421546686,2.499882992856335
0.86,0.009206706859254428,0.4895922404360277,2.4998815907401872
0.87,0.00929783040961164,0.48940937815368324,2.499880188016098
0.88,0.00938988343215709,0.4892246361314561,2.4998787846835286
0.89,0.009482875502473455,0.48903799500164363,2.499877380741942
0.9,0.009576816297397275,0.48884943519177065,2.4998759761908063
0.91,0.009671715614429054,0.4886589368853912,2.4998745710295585
0.92,0.009767583327060953,0.4884664801124718,2.499873165257582
0.93,0.009864429413209967,0.48827204469179986,2.499871758874258
0.94,0.00996226395957447,0.4880756102221663,2.4998703518789704
0.95,0.01006109716163422,0.4878771560823658,2.4998689442711073
0.96,0.01016093932365035,0.487676661431197,2.499867536050058
0.97,0.010261800858665387,0.487474105207462,2.499866127215216
0.98,0.010363692288503232,0.4872694661299667,2.4998647177659774
0.99,0.010466624243769164,0.4870627226975208,2.499863307701741
1.0,0.010570607463849848,0.4868538531889377,2.4998618970219084
1.01,0.01067565279691334,0.4866428356630345,2.499860485725885
1.02,0.010781771199909057,0.486429647958632,2.4998590738130773
1.03,0.010888973738567825,0.4862142676945549,2.499857661282897
1.04,0.010997271602027719,0.48599667224005055,2.4998562481347584
1.05,0.011106676116435905,0.4857768386873701,2.4998548343680254
1.06,0.011217198690347112,0.4855547439622014,2.4998534199820046
1.07,0.011328850855757178,0.4853303647405884,2.499852004976004
1.08,0.011441644270642936,0.48510367744379135,2.4998505893493355
1.09,0.011555590718962203,0.48487465823828707,2.4998491731013153
1.1,0.01167070211065379,0.4846432830357687,2.499847756231263
1.11,0.0117869904816375,0.484409527493146,2.4998463387385024
1.12,0.01190446799381413,0.4841733670125449,2.499844920622361
1.13,0.012023146935065458,0.483934776741308,2.4998435018821703
1.14,0.012143039719254262,0.4836937315719944,2.4998420825172647
1.15,0.012264158886224322,0.4834502061423793,2.499840662526984
1.16,0.01238651710180037,0.4832041748354548,2.49983924191067
1.17,0.012510127157788186,0.482955611779429,2.4998378206676697
1.18,0.012635001972105403,0.48270449084746186,2.4998363987973344
1.19,0.012761154632559495,0.4824507855691375,2.49983497629901
1.2,0.012888598349749208,0.48219446922586034,2.499833553171949
1.21,0.013017346443590627,0.4819355148780067,2.4998321294153705
1.22,0.013147412381053505,0.4816738952885476,2.4998307050284985
1.23,0.01327880977616126,0.4814095829230484,2.499829280010562
1.24,0.013411552389990974,0.4811425499496692,2.499827854360794
1.25,0.013545654130673388,0.4808727682391646,2.499826428078432
1.26,0.013681129053392924,0.4806002093648836,2.4998250011627188
1.27,0.013817991360387654,0.4803248446027699,2.4998235736129013
1.28,0.013956255400949323,0.48004664493136173,2.4998221454282303
1.29,0.014095935671423332,0.4797655810317918,2.4998207166079625
1.3,0.014237046815208784,0.4794816232877873,2.4998192871513583
1.31,0.014379603622758376,0.47919474178567023,2.4998178570576823
1.32,0.014523621031578535,0.47890490631435684,2.4998164263262055
1.33,0.014669114126229312,0.47861208636535807,2.4998149949562007
1.34,0.014816098159257935,0.4783162510904381,2.499813562946949
1.35,0.014964588590056154,0.478017369223134,2.4998121302976593
1.36,0.015114600970540569,0.4777154093100096,2.4998106970074514
1.37,0.015266151017717198,0.4774103395637484,2.4998092630754445
1.38,0.015419254621508007,0.47710212784731654,2.499807828500763
1.39,0.01557392784475091,0.4767907416739629,2.4998063932825363
1.4,0.015730186923199763,0.4764761482072194,2.4998049574198986
1.41,0.01588804826552437,0.4761583142609006,2.499803520911989
1.42,0.016047528453310474,0.4758372062991039,2.4998020837579524
1.43,0.01620864424105977,0.47551279043620964,2.4998006459569373
1.44,0.01637141255618991,0.47518503243688076,2.4997992075080977
1.45,0.01653585049903445,0.47485389771606323,2.4997977684105934
1.46,0.016701975342842967,0.4745193513389856,2.4997963286635883
1.47,0.016869804533780897,0.4741813580211594,2.499794888266251
1.48,0.017039355690929667,0.473839882128379,2.499793447217755
1.49,0.017210646606286656,0.4734948876767215,2.49979200551728
1.5,0.017383695259774106,0.473146338302186,2.499790563164011
1.51,0.017558519897570315,0.47279419710234816,2.4997891201570672
1.52,0.017735138869779628,0.47243842696480237,2.499787676495449
1.53,0.017913570709277366,0.47207899040750545,2.49978623217815
1.54,0.018093834153559467,0.47171584953456347,2.4997847872041676
1.55,0.018275948144742513,0.4713489660362318,2.4997833415725053
1.56,0.0184599318295637,0.47097830118891476,2.49978189528217
1.57,0.018645804559380856,0.47060381585516625,2.499780448332175
1.58,0.01883358589017245,0.47022547048368907,2.499779000721536
1.59,0.01902329558253756,0.46984322510933546,2.499777552449275
1.6,0.0192149536016959,0.46945703935310673,2.4997761035144195
1.61,0.019408580117487827,0.4690668724221535,2.499774653916
1.62,0.019604195504374308,0.4686726831097755,2.499773203653052
1.63,0.019801820341436936,0.4682744297954218,2.4997717527246173
1.64,0.02000147541237796,0.46787207044469054,2.4997703011297405
1.65,0.020203181705520233,0.46746556260932914,2.4997688488674723
1.66,0.020406960413807247,0.46705486342723435,2.499767395936867
1.67,0.02061283297504377,0.46663992954105155,2.499765942336979
1.68,0.02082082113033433,0.4662207169801175,2.4997644880667456
1.69,0.021030946727793546,0.4657971815575393,2.4997630331250047
1.7,0.021243231847570702,0.46536927861711724,2.4997615775105944
1.71,0.02145769881307353,0.46493696301063436,2.499760121222357
1.72,0.0216743701909682,0.4645001890978565,2.499758664259137
1.73,0.02189326879117934,0.46405891074653205,2.4997572066197846
1.74,0.022114417666890013,0.46361308133239226,2.4997557483031514
1.75,0.022337840114541735,0.463162653739151,2.4997542893080937
1.76,0.022563559673834454,0.4627075803585049,2.499752829633471
1.77,0.02279160012772658,0.4622478130901332,2.4997513692781457
1.78,0.023021985502434953,0.4617833033416979,2.499749908240985
1.79,0.023254740067434894,0.4613140020288439,2.4997484465208584
1.8,0.023489888335460098,0.4608398595751984,2.4997469841166398
1.81,0.023727455062502796,0.46036082591237165,2.4997455210272053
1.82,0.023967465247813572,0.4598768504799566,2.4997440572514367
1.83,0.02420994413390155,0.45938788222552857,2.499742592788217
1.84,0.02445491722472038,0.4588938695678513,2.4997411276364314
1.85,0.024702410424318724,0.45839476011647395,2.4997396617948637
1.86,0.024952449775133504,0.45789050120132707,2.4997381952621622
1.87,0.025205061565155888,0.45738103965569404,2.499736728036967
1.88,0.02546027237218917,0.4568663217266449,2.4997352601179186
1.89,0.02571810906384879,0.45634629307503616,2.4997337915036586
1.9,0.025978598797562306,0.4558208987755109,2.4997323221928296
1.91,0.026241769020569423,0.45529008331649884,2.499730852184074
1.92,0.02650764746992197,0.4547537906002162,2.499729381476036
1.93,0.026776262172483904,0.4542119639426656,2.49972791006736
1.94,0.027047641444931332,0.4536645460736365,2.4997264379566917
1.95,0.027321813893752493,0.45311147913670463,2.4997249651426774
1.96,0.027598808415247745,0.45255270468923237,2.4997234916239637
1.97,0.027878654195529585,0.4519881637023688,2.4997220173991987
1.98,0.02816138071052267,0.4514177965610492,2.4997205424670312
1.99,0.028447017725963752,0.45084154306399576,2.49971906682611
2.0,0.028735595297401703,0.45025934242371707,2.4997175904750852
2.01,0.029027143770197585,0.44967113326650826,2.4997161134126085
2.02,0.029321693890104677,0.4490768534086978,2.499714635637289
2.03,0.029619276765841952,0.44847643993260405,2.499713157147557
2.04,0.029919923674353054,0.4478698295804955,2.4997116779417965
2.05,0.030223666235673,0.44725695840059493,2.499710198018388
2.06,0.0305305364148563,0.44663776174317743,2.4997087173757064
2.07,0.03084056652197683,0.4460121742605702,2.499707236012125
2.08,0.031153789212127973,0.4453801299071528,2.499705753926011
2.09,0.03147023748542249,0.4447415619393569,2.499704271115729
2.1,0.031789944686992616,0.4440964029156663,2.499702787579638
2.11,0.03211294450698998,0.4434445846966173,2.499701303316095
2.12,0.032439270980585716,0.4427860384447981,2.4996998183234513
2.13,0.03276895848797029,0.4421206946248493,2.4996983326000555
2.14,0.033102041754353724,0.4414484830034637,2.4996968461442512
2.15,0.03343855584996535,0.4407693326493862,2.4996953589543787
2.16,0.03377853619005407,0.4400831719334141,2.4996938710287733
2.17,0.03412201853488807,0.4393899285283969,2.4996923823657675
2.18,0.034469038989755084,0.4386895294092361,2.499690892963689
2.19,0.03481963402304684,0.4379819008162736,2.4996894028208576
2.2,0.035173840669838884,0.43726696784326946,2.499687911935449
2.21,0.03553169618254033,0.43654465514478746,2.4996864203055122
2.22,0.03589323814809697,0.43581488669868146,2.4996849279290823
2.23,0.036258504562669096,0.4350775856548798,2.499683434804184
2.24,0.036627533831631656,0.43433267433538497,2.49968194092883
2.25,0.03700036476957412,0.4335800742342738,2.499680446301021
2.26,0.0373770366003006,0.4328197060176975,2.499678950918747
2.27,0.037757588956829784,0.43205148952388134,2.4996774547799854
2.28,0.0381420618813949,0.43127534376312526,2.4996759578827015
2.29,0.03853049582544384,0.43049118691780314,2.4996744602248504
2.3,0.03892293164963899,0.4296989363423635,2.4996729618043743
2.31,0.03931941062385739,0.4288985085633289,2.499671462619204
2.32,0.039719974427190635,0.4280898192792963,2.4996699626672587
2.33,0.04012466514794489,0.427272783360937,2.4996684619464458
2.34,0.040533525283641,0.42644731485099646,2.4996669604546606
2.35,0.04094659774101427,0.4256133269642946,2.4996654581897877
2.36,0.04136392583601467,0.42477073208772564,2.4996639551496993
2.37,0.0417855534421674,0.42391944147973964,2.499662451332188
2.38,0.04221152493098086,0.4230593653913172,2.4996609467348456
2.39,0.0426418849349032,0.42219041354600606,2.499659441355241
2.4,0.04307667856657639,0.42131249469561627,2.4996579351909194
2.41,0.04351595142063003,0.42042551661658645,2.499656428239402
2.42,0.04395974957368123,0.4195293861099835,2.4996549204981857
2.43,0.044408119584334736,0.4186240090015029,2.4996534119647444
2.44,0.04486110849318284,0.41770929014146824,2.4996519026365287
2.45,0.04531876382280543,0.41678513340483175,2.4996503925109637
2.46,0.04578113357776996,0.415851441691174,2.4996488815854523
2.47,0.04624826624463146,0.4149081169247039,2.4996473698573727
2.48,0.046720210791932504,0.4139550600542589,2.4996458573240803
2.49,0.04719701667020333,0.4129921710533047,2.499644343982906
2.5,0.047678733811961624,0.4120193489199356,2.4996428298311573
2.51,0.048165412631712784,0.41103649167687395,2.4996413148661167
2.52,0.048657104025949735,0.4100434963714708,2.4996397990850454
2.53,0.04915385937315289,0.4090402590757057,2.4996382824851784
2.54,0.04965573063112371,0.40802667468878717,2.499636765063681
2.55,0.050162770432572945,0.4070026367435569,2.499635246817489
2.56,0.05067503170263866,0.40596803818217164,2.499633727743507
2.57,0.05119256791161902,0.4049227708432659,2.4996322078385997
2.58,0.051715433091248535,0.40386672542893426,2.499630687099589
2.59,0.05224368183469795,0.4027997915047319,2.499629165523255
2.6,0.052777369296574374,0.4017218574996742,2.4996276431063342
2.61,0.05331655119292115,0.4006328107062371,2.49962611984552
2.62,0.053861283801217956,0.3995325372803566,2.4996245957374628
2.63,0.054411623960380705,0.39842092224142944,2.4996230707787706
2.64,0.05496762907076171,0.39729784947231234,2.4996215449660086
2.65,0.055529357094149454,0.3961632017193228,2.499620018295698
2.66,0.056096866553768845,0.39501686059223823,2.4996184907643184
2.67,0.0566702165342809,0.3938587065642969,2.4996169623683056
2.68,0.05724946668178314,0.392688618972197,2.4996154331040525
2.69,0.05783467720380926,0.3915064760160972,2.49961390296791
2.7,0.05842590886932932,0.3903121547596168,2.499612371956185
2.71,0.059023223145043074,0.3891055308527763,2.499610840065052
2.72,0.059626682191437526,0.38788647854045993,2.499609307290446
2.73,0.060236348571233334,0.38665487125493303,2.4996077736282944
2.74,0.060852285485248535,0.38541058113602117,2.499606239074453
2.75,0.061474556776875314,0.38415347902200614,2.4996047036247018
2.76,0.06210322693208016,0.38288343444962586,2.4996031672747483
2.77,0.06273836107940385,0.3816003156540743,2.499601630020224
2.78,0.06338002498996133,0.38030398956900185,2.4996000918566867
2.79,0.06402828507744183,0.37899432182651466,2.4995985527796205
2.8,0.06468320839810886,0.37767117675717543,2.499597012784434
2.81,0.06534486265080017,0.3763344173900027,2.499595471866462
2.82,0.06601331617692772,0.3749839054524714,2.499593930020965
2.83,0.06668863796047775,0.3736195013705124,2.499592387243129
2.84,0.06737089762801077,0.372241064268513,2.499590843528065
2.85,0.06806016544866159,0.3708484519693162,2.499589298870811
2.86,0.06875651233413901,0.36944152099422184,2.4995877532663298
2.87,0.06946000986070942,0.3680201265180097,2.499586206709488
2.88,0.07017073047140573,0.36658412195575985,2.4995846591948148
2.89,0.07088874714224498,0.3651333596462275,2.4995831107167836
2.9,0.07161413350117457,0.3636676906075262,2.499581561269791
2.91,0.07234696388990848,0.362186964410503,2.499580010848105
2.92,0.07308731336392704,0.3606910291787393,2.499578459445863
2.93,0.07383525769247713,0.3591797315885501,2.4995769070570772
2.94,0.07459087335857205,0.3576529168689847,2.4995753536756276
2.95,0.0753542375589916,0.35611042880182614,2.4995737992952685
2.96,0.07612542820428198,0.3545521097215915,2.499572243909624
2.97,0.07690452391875592,0.3529778005155319,2.4995706875121906
2.98,0.07769160404049258,0.3513873406236323,2.4995691300963356
2.99,0.07848674862133762,0.3497805680386116,2.4995675716552976
3.0,0.07929003842690317,0.3481573193059227,2.499566012182188
3.01,0.08010155493656762,0.3465174295237528,2.4995644516699875
3.02,0.08092138034347629,0.34486073234302234,2.4995628901115503
3.03,0.08174959756314451,0.34318705994916676,2.4995613274995736
3.04,0.08258629034364326,0.3414962428310241,2.4995597638262614
3.05,0.08343154312837157,0.33978811007375304,2.4995581990837947
3.06,0.0842854410800476,0.33806248930382,2.499556633264221
3.07,0.08514807010957325,0.336319206627332,2.499555066359362
3.08,0.0860195168760347,0.33455808663003617,2.49955349836081
3.09,0.08689986878670183,0.33277895237732047,2.49955192925993
3.1,0.08778921399702881,0.33098162541421283,2.4995503590478596
3.11,0.08868764141065356,0.3291659257653822,2.499548787715507
3.12,0.08959524067939824,0.3273316719351371,2.499547215253554
3.13,0.09051210220326877,0.3254786809074275,2.4995456416524533
3.14,0.09143831713045529,0.3236067681458429,2.499544066902431
3.15,0.09237397735733169,0.32171574759361393,2.499542490993484
3.16,0.09331917552845616,0.3198054316736111,2.4995409139153826
3.17,0.09427400503657049,0.3178756312883459,2.4995393356576674
3.18,0.09523856002260106,0.3159261558199694,2.499537756209653
3.19,0.09621293530304492,0.3139568132683093,2.4995361755601584
3.2,0.09719722641863017,0.31196741015224,2.499534593697423
3.21,0.09819152980527367,0.3099577511861098,2.4995330106098064
3.22,0.09919594258603172,0.3079276396805434,2.49953142628526
3.23,0.10021056256564252,0.30587687755289455,2.499529840711312
3.24,0.10123548823052654,0.3038052653272456,2.4995282538750643
3.25,0.10227081874878619,0.30171260213440826,2.499526665763196
3.26,0.10331665397020605,0.29959868571192255,2.499525076361961
3.27,0.10437309442625281,0.2974633124040577,2.4995234856571895
3.28,0.1054402413300751,0.29530627716181196,2.4995218936342867
3.29,0.10651819657650391,0.29312737354291185,2.4995203002782334
3.3,0.10760706274205203,0.29092639371181345,2.499518705573587
3.31,0.10870694308491455,0.28870312843970125,2.4995171095044793
3.32,0.10981794154496854,0.2864573671044889,2.4995155120546184
3.33,0.11094016274377325,0.28418889769081856,2.499513913207288
3.34,0.11207371160890028,0.2818975075302087,2.4995123129448196
3.35,0.11321869349410348,0.27958298306089496,2.499510711248618
3.36,0.1143752149758074,0.277245108259494,2.499509108100336
3.37,0.1155433830002506,0.2748836663240776,2.4995075034808023
3.38,0.11672330486482202,0.2724984397109764,2.4995058973699957
3.39,0.11791508821806132,0.2700892101347792,2.4995042897470463
3.4,0.11911884105965855,0.26765575856833357,2.499502680590235
3.41,0.12033467174045458,0.26519786524274475,2.4995010698769944
3.42,0.12156268896244048,0.2627153096473775,2.499499457583907
3.43,0.12280300177875832,0.26020787052985395,2.4994978436867066
3.44,0.12405571959370035,0.2576753258960554,2.4994962281602775
3.45,0.12532095216270964,0.25511745301012106,2.499494610978656
3.46,0.1265988095923796,0.2525340283944492,2.4994929921150275
3.47,0.12788940234045457,0.24992482782969552,2.49949137154173
3.48,0.12919284073045678,0.24728962731667534,2.4994897492297596
3.49,0.13050923371079837,0.24462820553315884,2.4994881251474514
3.5,0.13183869228181672,0.24194033704131299,2.4994864992639454
3.51,0.13318132710017275,0.2392257970383992,2.4994848715468625
3.52,0.1345372481335944,0.23648436204119136,2.4994832419619564
3.53,0.1359065646608765,0.23371580988597632,2.499481610473118
3.54,0.13728938527188098,0.2309199197285529,2.499479977042372
3.55,0.1386858178675367,0.2280964720442331,2.4994783416298794
3.56,0.14009596965983956,0.2252452486278408,2.4994767041939343
3.57,0.14151994717185234,0.2223660325937131,2.4994750646909685
3.58,0.14295785623770516,0.21945860837569872,2.499473423075547
3.59,0.1444098020025946,0.2165227617271601,2.4994717793003707
3.6,0.14587588892278483,0.21355827972097102,2.4994701333162754
3.61,0.14735622054838973,0.21056495118067595,2.4994684850720366
3.62,0.1488508948333795,0.20754257598815962,2.4994668345101467
3.63,0.15036001168594432,0.20449095009415172,2.4994651815736395
3.64,0.15188366990364507,0.20140987160487905,2.4994635262033476
3.65,0.15342196453250245,0.198299146024642,2.499461868335528
3.66,0.1549749868669977,0.1951585862558133,2.4994602079018633
3.67,0.1565428244500718,0.19198801259883957,2.499458544829458
3.68,0.1581255610731263,0.18878725275223954,2.4994568790408422
3.69,0.15972327677602258,0.18555614181260557,2.4994552104539705
3.7,0.16133604784708236,0.18229452227460277,2.49945353898222
3.71,0.1629639468230875,0.17900224403096932,2.4994518645343935
3.72,0.16460704248928004,0.1756791643725163,2.4994501870147174
3.73,0.1662653996932595,0.1723251483575517,2.49944850632268
3.74,0.16793907035892042,0.16894008664865706,2.49944682234528
3.75,0.16962810336273967,0.165523875906091,2.4994451349657822
3.76,0.17133254122740058,0.16207642535421135,2.4994434440606303
3.77,0.17305241450080106,0.15859766794005903,2.499441749494504
3.78,0.1747877417560536,0.15508756033335785,2.499440051120319
3.79,0.1765385295914856,0.1515460829265141,2.4994383487792287
3.8,0.17830477263063874,0.1479732398346175,2.4994366423006227
3.81,0.18008645352226976,0.14436905889543974,2.499434931502127
3.82,0.18188354294008205,0.14073359166996763,2.4994332161896033
3.83,0.18369598840577256,0.13706693562712785,2.4994314961471535
3.84,0.1855237200647342,0.13336922267845913,2.499429771142861
3.85,0.18736664905153577,0.12964062242332505,2.499428040926824
3.86,0.18922465428182103,0.12588136836592984,2.499426305218989
3.87,0.1910975824523094,0.12209175791531705,2.499424563709146
3.88,0.19298524804079542,0.11827215238537069,2.4994228160569327
3.89,0.1948874333061493,0.11442297699481407,2.499421061891833
3.9,0.19680388375038357,0.11054472987244035,2.499419300808789
3.91,0.198734285396113,0.106638027148169,2.4994175323471883
3.92,0.2006782814799642,0.10270356982570934,2.4994157560072017
3.93,0.2026354377452804,0.09874221265722714,2.49941397121454
3.94,0.20460523734491864,0.09475497425843828,2.499412177315404
3.95,0.2065870808412505,0.09074303710860711,2.4994103735764863
3.96,0.2085802810088436,0.08670775786238889,2.4994085591793413
3.97,0.21058401936772142,0.08265075358991636,2.4994067331758045
3.98,0.21259734975350442,0.07857389469237264,2.4994048944926823
3.99,0.2146191321553497,0.07447943617345015,2.4994030418549014
4.0,0.2166480212674538,0.07037004035411094,2.4994011737726334
4.01,0.2186824559224328,0.06624879783545032,2.4993992885278784
4.02,0.2207205762411935,0.06211939185702145,2.499397384077065
4.03,0.22276016926974912,0.05798620614666779,2.4993954579803623
4.04,0.22479854195437754,0.053854576934555136,2.4993935072227838
4.05,0.2268324925575295,0.04973084966284305,2.499391528171774
4.06,0.2288581541798037,0.04562268940905276,2.4993895163477906
4.07,0.23087079147893097,0.041539484202748916,2.4993874660829305
4.08,0.23286455611996737,0.03749283027998717,2.49938537005523
4.09,0.23483228285840102,0.03349693674267546,2.499383218853233
4.1,0.2367650657044364,0.02956946662586498,2.499381000056312
4.11,0.23865165688464307,0.02573273035057656,2.4993786963433053
4.12,0.24047808299462603,0.022014448256926424,2.499376283985129
4.13,0.242226803296452,0.018449423410212225,2.4993737289523423
4.14,0.24387605717614538,0.015080844023002716,2.4993709795722916
4.15,0.24539957208396262,0.01196087343256774,2.4993679577558727
4.16,0.24676727097441079,0.009149277858811953,2.4993645359919356
4.17,0.24794793513736926,0.00670819505558464,2.4993605019960903
4.18,0.24891546769899453,0.004689818447684493,2.49935548228649
4.19,0.24965784821898057,0.0031188301234852125,2.4993487950467195
4.2,0.2501851978037508,0.001976777047711527,2.499339141209581
4.21,0.25053031403678566,0.001201771099721064,2.499323934530821
4.22,0.25074016463530135,0.0007071124023383813,2.4992977453514182
4.23,0.25086544942573524,0.0004063819600331901,2.499248446003456
4.24,0.2509566641291638,0.00023111251135855582,2.4991486110325676
4.25,0.2510195823201445,0.0001549440192987793,2.4990112473409067
4.26,0.2510725327437785,0.00011961103725981374,2.498855493208175
4.27,0.2511298492139191,9.941540412856404e-5,2.498679010797544
4.28,0.25119647941411655,8.638846920099747e-5,2.498480205112163
4.29,0.2512747124567564,7.729153789589313e-5,2.498257945289817
4.3,0.2513658099623144,7.0572177451446e-5,2.498011403148639
4.31,0.25147055151565995,6.539740566776485e-5,2.4977399548076082
4.32,0.25158945862912085,6.12817918074686e-5,2.497443118486757
4.33,0.2517229009518255,5.7923913413237144e-5,2.4971205138584542
4.34,0.2518711521948003,5.512701642009349e-5,2.496771834751132
4.35,0.25203442222494093,5.275722671733679e-5,2.4963968302295014
4.36,0.252212876562582,5.072032064959892e-5,2.495995291223936
4.37,0.2524066487074921,4.894819308166738e-5,2.4955670410750264
4.38,0.2526158488429379,4.7390183704190964e-5,2.4951119280893126
4.39,0.2528405693138893,4.6007959257360104e-5,2.494629820557816
4.4,0.2530808888326466,4.4771994803441916e-5,2.494120602574193
4.41,0.25333687572540675,4.3658990561118036e-5,2.4935841706916153
4.42,0.25360858978197787,4.265053596464377e-5,2.49302043189965
4.43,0.25389608427906846,4.173175432312613e-5,2.492429301318984
4.44,0.2541994072932479,4.089045412036718e-5,2.491810700679267
4.45,0.2545186024996867,4.011667554729457e-5,2.491164557338013
4.46,0.2548537102119101,3.9402121724448026e-5,2.4904908029847483
4.47,0.25520476810599535,3.8739774480099386e-5,2.4897893727285347
4.48,0.2555718115047959,3.8123757434097865e-5,2.4890602047276245
4.49,0.25595487398007927,3.754906947625762e-5,2.4883032393840656
4.5,0.25635398776499124,3.701140416256042e-5,2.487518418790623
4.51,0.2567691840348133,3.650702803104321e-5,2.4867056863532606
4.52,0.2572004930163613,3.603274153203754e-5,2.4858649866366487
4.53,0.2576479443555159,3.558574873857161e-5,2.4849962648441632
4.54,0.2581115672803113,3.516359890620534e-5,2.4840994665878346
4.55,0.2585913908093123,3.476411286772877e-5,2.483174537593498
4.56,0.25908744375835646,3.4385380705186604e-5,2.4822214236912044
4.57,0.25959975490699666,3.402571460990384e-5,2.4812400705692337
4.58,0.2601283531262155,3.36836133927721e-5,2.480230423584671
4.59,0.26067326748902697,3.3357729940139636e-5,2.4791924276010655
4.6,0.26123452736549885,3.3046843811638105e-5,2.478126026848457
4.61,0.26181216242275335,3.274986124018251e-5,2.477031164923374
4.62,0.26240620264864556,3.2465809702908057e-5,2.4759077847526565
4.63,0.26301667852830085,3.2193798752742904e-5,2.4747558283226243
4.64,0.2636436210002089,3.1933031053391176e-5,2.473575236745297
4.65,0.26428706157548865,3.1682773317147744e-5,2.4723659500775614
4.66,0.26494703236024475,3.144235103758704e-5,2.4711279072871304
4.67,0.26562356605556753,3.121114848956287e-5,2.469861046252543
4.68,0.26631669595753305,3.098860872920855e-5,2.468565303763165
4.69,0.26702645600956415,3.077422404934273e-5,2.467240615436672
4.7,0.2677528809053898,3.056751991446949e-5,2.465886915554797
4.71,0.26849600601981305,3.0368067482891926e-5,2.464504137172399
4.72,0.2692558674956981,3.017546558384056e-5,2.4630922119819316
4.73,0.27003250224719877,2.998934009145102e-5,2.461651070308378
4.74,0.27082594795975823,2.9809343924764084e-5,2.4601806411092553
4.75,0.27163624309010953,2.9635157047725573e-5,2.458680851974611
4.76,0.272463426866275,2.9466486469186445e-5,2.4571516291270252
4.77,0.2733075393349617,2.93030595779672e-5,2.4555928973445016
4.78,0.27416862143434606,2.9144617474163964e-5,2.454004579840071
4.79,0.27504671492379007,2.899092407837735e-5,2.45238659837648
4.8,0.27594186243564567,2.8841756207139666e-5,2.4507388731833286
4.81,0.27685410747650185,2.8696903371932253e-5,2.449061322955057
4.82,0.27778349442718503,2.8556167779185465e-5,2.447353864850944
4.83,0.27873006854275834,2.8419364330278735e-5,2.445616414495109
4.84,0.2796938759525225,2.8286320621540476e-5,2.44384888597651
4.85,0.2806749636600152,2.8156876944248148e-5,2.4420511918489436
4.86,0.28167337959420163,2.8030881317584837e-5,2.440223243044737
4.87,0.282689172650419,2.7908189337708304e-5,2.438364948805076
4.88,0.283722392636773,2.7788667223292363e-5,2.4364762167707013
4.89,0.28477309029717995,2.767218748933347e-5,2.4345569529433906
4.9,0.28584131731137213,2.7558628946491614e-5,2.4326070616859488
4.91,0.2869271262948975,2.744787670109034e-5,2.4306264457222087
4.92,0.2880305707991203,2.733982215511671e-5,2.4286150061370297
4.93,0.28915170531122064,2.723436300622133e-5,2.426572642376299
4.94,0.29029058525419466,2.7131403247718344e-5,2.4244992522469313
4.95,0.291447267001744,2.7030852222530732e-5,2.4223947318909165
4.96,0.29262180795809845,2.693262174143797e-5,2.4202589756476653
4.97,0.29381426650363807,2.683662976015532e-5,2.41809187614897
4.98,0.29502470199233954,2.674279787977624e-5,2.415893324321684
4.99,0.29625317475441715,2.665105106489254e-5,2.413663209383044
5.0,0.29749974609632335,2.6561317643594362e-5,2.4114014188406685
5.01,0.29876447830074837,2.647352930747019e-5,2.409107838492558
5.02,0.3000474346266203,2.638762111160686e-5,2.4067823524270966
5.03,0.30134867930910525,2.6303531474589533e-5,2.4044248430230484
5.04,0.30266827756050907,2.622120213342621e-5,2.4020351909479265
5.05,0.3040062956266045,2.614057652476707e-5,2.399613275058618
5.06,0.3053628008050598,2.6061600931258744e-5,2.397158972372673
5.07,0.3067378613968806,2.5984224226119152e-5,2.3946721581502985
5.08,0.30813154670920406,2.5908397210852358e-5,2.3921527058881216
5.09,0.30954392705530004,2.5834072615248508e-5,2.38960048731919
5.1,0.3109750737545702,2.5761205097383866e-5,2.38701537241297
5.11,0.31242505913254853,2.5689751243620792e-5,2.3843972293753484
5.12,0.3138939565209006,2.5619669568607793e-5,2.3817459246486328
5.13,0.31538184025742455,2.5550920515279447e-5,2.379061322911549
5.14,0.31688878569928397,2.5483466181687833e-5,2.376343287055368
5.15,0.31841486930208385,2.541726964215959e-5,2.37359167804614
5.16,0.31996016857205883,2.5352295910349206e-5,2.3708063550109104
5.17,0.3215247620452502,2.5288511234368572e-5,2.367987175269488
5.18,0.32310872928860734,2.522588303263647e-5,2.365133994332247
5.19,0.32471215089998823,2.5164379893878564e-5,2.362246665900124
5.2,0.32633510850815867,2.510397157712741e-5,2.359325041864622
5.21,0.3279776847727933,2.5044629011722435e-5,2.356368972307807
5.22,0.3296399633844751,2.498632429730995e-5,2.353378305502309
5.23,0.33132202906482305,2.4929030701307153e-5,2.35035288791108
5.24,0.33302396761197506,2.4872722232621648e-5,2.3472925641059663
5.25,0.33474586594666206,2.4817373853183193e-5,2.344197176691679
5.26,0.3364878120453328,2.476296153673677e-5,2.341066566419936
5.27,0.3382498949367491,2.470946200204619e-5,2.337900572192587
5.28,0.3400322047019862,2.4656852712894106e-5,2.3346990310616156
5.29,0.3418348324744318,2.460511187808201e-5,2.331461778229139
5.3,0.34365787043978724,2.4554218451430233e-5,2.328188647047405
5.31,0.345501411836067,2.4504152131777937e-5,2.324879469018796
5.32,0.3473655509535985,2.445489336298312e-5,2.321534073795827
5.33,0.3492503831403138,2.4406423289574385e-5,2.318152289171392
5.34,0.351156004878898,2.4358723474219836e-5,2.314733940942996
5.35,0.3530825137695445,2.4311776228728617e-5,2.311278852947897
5.36,0.35503000848247396,2.4265564412217473e-5,2.3077868471401177
5.37,0.35699858875840274,2.4220071377197157e-5,2.3042577435887033
5.38,0.3589883554085441,2.4175280969572405e-5,2.300691360477717
5.39,0.36099941031460775,2.4131177528641964e-5,2.2970875141062455
5.4,0.3630318564287997,2.4087745887098574e-5,2.2934460188883947
5.41,0.36508579777382216,2.4044971371028978e-5,2.2897666873532923
5.42,0.36716133944287405,2.400283979991392e-5,2.286049330145086
5.43,0.36925858761976615,2.3961337399476027e-5,2.2822937559863536
5.44,0.371377649659651,2.3920450729600136e-5,2.2784997715392685
5.45,0.3735186340252333,2.3880166843249162e-5,2.2746671815183577
5.46,0.37568165026325223,2.3840473135149385e-5,2.2707957887260206
5.47,0.3778668090046942,2.380135733780596e-5,2.266885394052055
5.48,0.38007422196479357,2.376280752150291e-5,2.262935796473655
5.49,0.3823040019430314,2.3724812094303153e-5,2.2589467930554146
5.5,0.3845562628231369,2.3687359802048468e-5,2.254918178949323
5.51,0.38683111957308697,2.365043972835951e-5,2.2508497473947675
5.52,0.38912868824524105,2.361404129344365e-5,2.246741289718252
5.53,0.3914490860175748,2.357815414958326e-5,2.24259259525898
5.54,0.39379243124734187,2.3542768249820418e-5,2.238403451281051
5.55,0.3961588433943935,2.3507873845341204e-5,2.234173643103293
5.56,0.39854844300983405,2.3473461425113596e-5,2.2299029541158366
5.57,0.40096135173602165,2.3439521715887482e-5,2.2255911657801137
5.58,0.4033976923065671,2.340604568219467e-5,2.2212380576288613
5.59,0.4058575885463354,2.337302452634886e-5,2.216843407266116
5.6,0.4083411653714449,2.3340449688445674e-5,2.212406990367217
5.61,0.41084854878926713,2.330831284636263e-5,2.2079285806788063
5.62,0.41337986589942827,2.327660590822929e-5,2.203407950016666
5.63,0.4159352449480899,2.324532093546221e-5,2.198844868169041
5.64,0.4185148153535465,2.3214450228404585e-5,2.194239102858695
5.65,0.4211187076287009,2.3183986279346186e-5,2.18959041987132
5.66,0.4237470533742538,2.3153921751961874e-5,2.1848985830657943
5.67,0.4263999852787047,2.312424948131158e-5,2.1801633543741823
5.68,0.42907763711835184,2.309496247384032e-5,2.175384493801733
5.69,0.43178014375729135,2.306605390737819e-5,2.1705617594268816
5.7,0.4345076411474175,2.3037517131140383e-5,2.16569490740125
5.71,0.4372602663284236,2.300934566572715e-5,2.1607836919496455
5.72,0.4400381574274191,2.29815331915857e-5,2.1558278653697847
5.73,0.44284145371441286,2.295407350307514e-5,2.1508271779346835
5.74,0.4456702956178373,2.2926960572660232e-5,2.145781377871583
5.75,0.44852482463969895,2.2900188506123587e-5,2.1406902115020996
5.76,0.45140518335029717,2.2873751535273066e-5,2.1355534232505873
5.77,0.4543115153882242,2.2847644017941786e-5,2.1303707556441362
5.78,0.4572439654603654,2.28218604379881e-5,2.1251419493125745
5.79,0.46020267934189835,2.2796395405295616e-5,2.119866742988467
5.8,0.4631878038762944,2.2771243655773193e-5,2.1145448735071146
5.81,0.4661994869753173,2.2746400051354933e-5,2.1091760758065576
5.82,0.4692378776110378,2.2721859568939296e-5,2.1037600829401155
5.83,0.47230312586237627,2.26976172728183e-5,2.0982966259950793
5.84,0.4753953829473659,2.267366835909512e-5,2.0927854340420837
5.85,0.4785148011142964,2.2650008121535855e-5,2.0872262343165477
5.86,0.481661533635792,2.2626631948165126e-5,2.081618752228408
5.87,0.48483573480881,2.260353532126609e-5,2.07596271136212
5.88,0.4880375599546428,2.2580713817380405e-5,2.070257833476654
5.89,0.49126716541891635,2.2558163107308275e-5,2.0645038385055
5.9,0.49452470857159114,2.2535878956108414e-5,2.058700444556663
5.91,0.49781034780696104,2.2513857223098064e-5,2.0528473679126678
5.92,0.5011242425241106,2.2492093854511793e-5,2.046944323063166
5.93,0.5044665531411276,2.2470584862397184e-5,2.040991022679255
5.94,0.507837441190774,2.2449326358104446e-5,2.0349871774537256
5.95,0.5112370691611877,2.2428314527430786e-5,2.0289324963695017
5.96,0.5146656004836628,2.240754562769028e-5,2.022826686720158
5.97,0.5181231995326475,2.238701598771389e-5,2.0166694541099215
5.98,0.5216100316257456,2.2366722007849445e-5,2.010460502453672
5.99,0.5251262630237145,2.2346660159961665e-5,2.0041995339769425
6.0,0.5286720609304674,2.2326826987432144e-5,1.9978862492159157
6.01,0.532247593493072,2.230721910515935e-5,1.9915203470174285
6.02,0.5358530297808225,2.2287833196734316e-5,1.9851015245745138
6.03,0.5394885397063901,2.226866599496369e-5,1.9786294775602171
6.04,0.5431542942580074,2.2249714307614916e-5,1.9721038997332174
6.05,0.5468504652731186,2.2230975001939393e-5,1.9655244833224692
6.06,0.5505772253941068,2.221244500009771e-5,1.9588909191024142
6.07,0.5543347480682944,2.2194121279159646e-5,1.9522028963929792
6.08,0.5581232075479423,2.2176000871104162e-5,1.9454601030595784
6.09,0.5619427788902516,2.2158080862819404e-5,1.9386622255131112
6.1,0.5657936379573619,2.2140358396102714e-5,1.931808948709963
6.11,0.5696759614163529,2.2122830667660605e-5,1.9248999561520046
6.12,0.5735899267372567,2.2105494929000245e-5,1.9179349298899937
6.13,0.577535711986764,2.2088348472595166e-5,1.9109135508770116
6.14,0.581513496127111,2.2071388642361683e-5,1.9038354984576278
6.15,0.5855234589000426,2.2054612834053712e-5,1.8967004505656537
6.16,0.5895657806253726,2.2038018485976193e-5,1.8895080840687246
6.17,0.5936406422009853,2.2021603078985078e-5,1.8822580747682942
6.18,0.5977482251028345,2.2005364136487338e-5,1.874950097399637
6.19,0.601888711384944,2.1989299224440963e-5,1.8675838256318484
6.2,0.606062283679406,2.1973405951354964e-5,1.8601589320678467
6.21,0.6102691251963838,2.1957681968289366e-5,1.8526750882443677
6.22,0.6145094197241101,2.1942124968855208e-5,1.8451319646319693
6.23,0.6187833515264586,2.1926732686445772e-5,1.8375292308112303
6.24,0.6230911050848136,2.1911502884228055e-5,1.8298665559179264
6.25,0.6274328657346446,2.1896433371452482e-5,1.82214360754829
6.26,0.6318088190960245,2.188152199229842e-5,1.8143600527370434
6.27,0.6362191509993177,2.1866766624122257e-5,1.8065155580851338
6.28,0.6406640474851816,2.18521651774574e-5,1.7986097897597315
6.29,0.645143694804564,2.1837715596014286e-5,1.7906424134942347
6.3,0.649658279418706,2.1823415856680378e-5,1.7826130945882634
6.31,0.6542079879991409,2.1809263969520153e-5,1.7745214979076627
6.32,0.6587930074276935,2.1795257977775115e-5,1.766367287884503
6.33,0.6634135247964805,2.17813959578638e-5,1.7581501285170789
6.34,0.6680697270712034,2.1767676015038e-5,1.7498696839508168
6.35,0.6727618009904495,2.175409627964205e-5,1.741525618653785
6.36,0.6774899338695906,2.174065491800841e-5,1.7331175960293153
6.37,0.682254312669101,2.172735012276744e-5,1.7246452800216572
6.38,0.687055123960703,2.1714180112455172e-5,1.7161083351743536
6.39,0.6918925539273657,2.1701143131513316e-5,1.7075064266302424
6.4,0.6967667883633053,2.1688237450289255e-5,1.698839220131456
6.41,0.7016780126739834,2.167546136503605e-5,1.6901063820194235
6.42,0.7066264118761106,2.1662813197912434e-5,1.6813075792348662
6.43,0.711612170597643,2.165029129698281e-5,1.672442479317802
6.44,0.716635473077785,2.1637894036217264e-5,1.6635107504075413
6.45,0.7216965026983061,2.1625619812657525e-5,1.6545120620526352
6.46,0.7267954414468322,2.1613467041663472e-5,1.6454460861401596
6.47,0.7319324717152551,2.160143416775378e-5,1.6363124937877644
6.48,0.7371077746290887,2.1589519656190647e-5,1.627110958228732
6.49,0.7423215299286847,2.1577721992320507e-5,1.6178411550171785
6.5,0.7475739159692363,2.1566039681574033e-5,1.6085027620280496
6.51,0.7528651097207757,2.1554471249466127e-5,1.5990954594571247
6.52,0.7581952867681744,2.154301524159594e-5,1.5896189298210148
6.53,0.7635646213111446,2.153167022364684e-5,1.5800728579571626
6.54,0.7689732861642369,2.152043478138644e-5,1.5704569310238443
6.55,0.7744214527568422,2.1509307520666596e-5,1.5607708385001668
6.56,0.779909291065828,2.149828706723371e-5,1.5510142723025957
6.57,0.7854369672445806,2.1487372059499332e-5,1.541186930887182
6.58,0.7910046469960251,2.1476561157010737e-5,1.531288513416544
6.59,0.7966124944184532,2.146585303846159e-5,1.521318721754137
6.6,0.8022606704972598,2.1455246397706455e-5,1.5112772630728077
6.61,0.8079493331049442,2.1444739943760805e-5,1.5011638498547917
6.62,0.8136786370011084,2.1434332400801022e-5,1.4909781998917166
6.63,0.8194487338324599,2.14240225081644e-5,1.4807200362845983
6.64,0.8252597721328091,2.1413809020349133e-5,1.470389087443843
6.65,0.8311118973230719,2.140369070701432e-5,1.4599850870892452
6.66,0.8370052517112653,2.1393666352979983e-5,1.4495077742499942
6.67,0.842939974492513,2.138373475822703e-5,1.4389568932646637
6.68,0.8489162016968681,2.1373894737823237e-5,1.4283321938715308
6.69,0.8549340613697906,2.136414511469861e-5,1.4176334395517556
6.7,0.8609936800217359,2.1354484727918116e-5,1.4068603963671777
6.71,0.8670951817193889,2.1344912432347906e-5,1.3960128345311553
6.72,0.8732386841870446,2.133542709336508e-5,1.385090535156365
6.73,0.8794242988066089,2.1326027586857703e-5,1.3740932902548004
6.74,0.8856521306175963,2.1316712799224786e-5,1.3630209027377755
6.75,0.8919222783171341,2.1307481627376298e-5,1.351873186415919
6.76,0.8982348342599589,2.1298332978733164e-5,1.340649965999178
6.77,0.9045898844584185,2.1289265771227263e-5,1.329351077096817
6.78,0.910987508582471,2.1280278933301434e-5,1.3179763662174184
6.79,0.9174277799596837,2.1271371403909465e-5,1.3065256907688843
6.8,0.9239107655752369,2.1262542132516102e-5,1.29499891905843
6.81,0.93043652603466,2.1253790079066577e-5,1.283395930357106
6.82,0.9370051062643814,2.1245114206154937e-5,1.2717166310024703
6.83,0.9436165460649077,2.1236513487082313e-5,1.259960936127251
6.84,0.9502708809900391,2.122798690719767e-5,1.2481287681345576
6.85,0.9569681340493712,2.121953345728673e-5,1.2362200710643634
6.86,0.9637083157082972,2.1211152133571993e-5,1.2242348105935013
6.87,0.970491423888005,2.120284193771271e-5,1.2121729740356701
6.88,0.9773174439654811,2.1194601876804903e-5,1.200034570341427
6.89,0.9841863487735076,2.118643096338137e-5,1.187819630098193
6.9,0.991098098600665,2.117832821541166e-5,1.1755282055302474
6.91,0.9980526411913274,2.1170292656302094e-5,1.1631603704987374
6.92,1.0050499117456675,2.1162323314895766e-5,1.1507162205016686
6.93,1.0120898329196555,2.115441922547252e-5,1.1381958726739065
6.94,1.0191723138033781,2.1146579427152015e-5,1.125599467556085
6.95,1.02629723289374,2.1138802953905744e-5,1.1129271985761926
6.96,1.0334644627071157,2.113108884887814e-5,1.1001792694370254
6.97,1.0406738594975766,2.1123436158449636e-5,1.0873559119151992
6.98,1.047925255705655,2.1115843927836322e-5,1.07445739893476
6.99,1.0552184599583423,2.1108311201089924e-5,1.0614840445671891
7.0,1.0625532570690914,2.110083702109781e-5,1.0484362040313964
7.01,1.0699294080378163,2.109342042958299e-5,1.0353142736937233
7.02,1.0773466500508906,2.1086060467104127e-5,1.022118691067944
7.03,1.0848046964811497,2.1078756173055518e-5,1.008849934815263
7.04,1.092303236887887,2.10715065856671e-5,0.9955085247443197
7.05,1.0998419370168586,2.106431074200446e-5,0.9820950218111821
7.06,1.1074204251531343,2.1057167670767697e-5,0.968610051743443
7.07,1.115038290808341,2.1050076392165986e-5,0.9550543073154848
7.08,1.12269510897534,2.104303593052985e-5,0.9414285063605955
7.09,1.1303904114173189,2.103604529868731e-5,0.9277334414687934
7.1,1.1381236860537844,2.1029103497634618e-5,0.9139699810496822
7.11,1.1458943769605645,2.1022209516536264e-5,0.9001390693324492
7.12,1.1537018843698057,2.1015362332724975e-5,0.8862417263658701
7.13,1.1615455646699764,2.1008560911701712e-5,0.8722790480183011
7.14,1.1694247304058656,2.1001804207135667e-5,0.8582522059776839
7.15,1.1773386502785828,2.099509116086427e-5,0.8441624477515447
7.16,1.1852865485281352,2.0988420702540292e-5,0.8300110977355188
7.17,1.193267568361534,2.0981791729418528e-5,0.8157996205071865
7.18,1.2012808102593522,2.0975203129641005e-5,0.8015295545353994
7.19,1.2093253196040494,2.096865377344939e-5,0.7872025335868241
7.2,1.2174000624915893,2.09621424989706e-5,0.772820328585936
7.21,1.2255039257314442,2.095566811221682e-5,0.7583848476150121
7.22,1.2336357168465932,2.09492293870855e-5,0.7438981359141356
7.23,1.2417941640735217,2.0942825065359333e-5,0.7293623758811939
7.24,1.2499779163622202,2.093645385670629e-5,0.7147798870718841
7.25,1.2581855433761882,2.0930114438679593e-5,0.7001531261997032
7.26,1.2664155259901178,2.0923805450178186e-5,0.6854847035781526
7.27,1.2746662075093804,2.0917525460883602e-5,0.6707774675305841
7.28,1.2829358638484973,2.091127302110808e-5,0.6560343829601316
7.29,1.2912226438996441,2.0905046615952913e-5,0.6412586345277823
7.3,1.2995245574535759,2.089884465660487e-5,0.6264536475528539
7.31,1.3078394751996243,2.089266548033621e-5,0.6116230880130015
7.32,1.3161651287257004,2.0886507350504663e-5,0.5967708625442113
7.33,1.3244991105182893,2.0880368456553442e-5,0.5819011184408102
7.34,1.3328388739624561,2.0874246914011244e-5,0.5670182436554564
7.35,1.3411817091418778,2.0868140741621954e-5,0.5521269086726732
7.36,1.349524694254997,2.086204782625229e-5,0.5372321505733765
7.37,1.3578647643918524,2.085596598688886e-5,0.5223392540325924
7.38,1.3661986291822088,2.084989288368465e-5,0.5074538938170499
7.39,1.3745227667902975,2.084382601182457e-5,0.4925821451762427
7.4,1.3828334239148177,2.0837762701525452e-5,0.47773048384242817
7.41,1.3911266157889344,2.0831700118036036e-5,0.4629057860306304
7.42,1.3993981261802821,2.082563526163698e-5,0.4481153284386333
7.43,1.4076434797491406,2.081956492161997e-5,0.43336683609856247
7.44,1.4158578804424107,2.0813485613311446e-5,0.4186685889901641
7.45,1.4240362724042703,2.0807393672221963e-5,0.4040293166120148
7.46,1.4321732590820941,2.0801285072138163e-5,0.3894583380669373
7.47,1.4402630979085658,2.0795155414812472e-5,0.3749655712693542
7.48,1.4482997003016789,2.0788999929963125e-5,0.36056153294528503
7.49,1.4562766316647342,2.0782813475274147e-5,0.34625733863235136
7.5,1.464187108386937,2.077659051063418e-5,0.33206470790357323
7.51,1.4720239380754674,2.0770324846732917e-5,0.3179960680901769
7.52,1.4797795224132282,2.0764009930806113e-5,0.30406454895471974
7.53,1.487445869111078,2.0757638444827047e-5,0.290283962607975
7.54,1.4950145862170903,2.075120219320515e-5,0.27666881351100275
7.55,1.5024768821165593,2.074469210278599e-5,0.2632342984751426
7.56,1.5098235655319943,2.073809822285127e-5,0.24999630666202122
7.57,1.517045050333156,2.0731409699967957e-5,0.23697141131186505
7.58,1.5241314281077964,2.072461425450922e-5,0.22417674524632972
7.59,1.5310723960088344,2.0717698405147725e-5,0.2116301252460635
7.6,1.5378574388317523,2.071064688368918e-5,0.19934973814523912
7.61,1.544475884239836,2.0703442401557196e-5,0.18735404574461387
7.62,1.5509169027641732,2.0696065649793303e-5,0.17566178481153435
7.63,1.5571695550172833,2.0688495160575512e-5,0.16429188568184097
7.64,1.5632230346179423,2.068070652715293e-5,0.15326305360446627
7.65,1.569066652559355,2.0672672333732028e-5,0.1425937955857734
7.66,1.5746902325792391,2.0664361019530382e-5,0.13230173838364148
7.67,1.5800841567835366,2.0655736748652308e-5,0.1224035498284735
7.68,1.585239384076425,2.0646759336171125e-5,0.11291490701942641
7.69,1.5901478039096932,2.0637382777476242e-5,0.10384988586038638
7.7,1.5948024391703663,2.0627554282507365e-5,0.09522061082825785
7.71,1.5991976463706843,2.0617213461677075e-5,0.08703690943280826
7.72,1.6033292213724193,2.060629158297223e-5,0.07930612960316011
7.73,1.6071945903941225,2.059470950355989e-5,0.0720328094677795
7.74,1.6107929611130005,2.0582376414613282e-5,0.06521841632362972
7.75,1.6141253839563632,2.0569188337331576e-5,0.05886124037985583
7.76,1.6171947679269474,2.0555025218089927e-5,0.052956366545304195
7.77,1.6200059084698089,2.0539749498595854e-5,0.04749562588115387
7.78,1.6225653730065757,2.0523202591937516e-5,0.042467792154428474
7.79,1.6248813778970652,2.0505201798745663e-5,0.03785879331384017
7.8,1.6269636379864099,2.0485537203926093e-5,0.03365197039316778
7.81,1.6288231045392076,2.046396611183538e-5,0.029828528695609726
7.82,1.630471773377961,2.0440210128985607e-5,0.026367868308993788
7.83,1.6319223734732338,2.0413946998839287e-5,0.02324812054335224
7.84,1.6331881505739645,2.03848071895256e-5,0.02044652088008583
7.85,1.6342825721532372,2.0352363045156794e-5,0.017939917439894926
7.86,1.6352191286926978,2.0316124340206727e-5,0.01570511365507721
7.87,1.6360110921042001,2.0275524360876237e-5,0.013719284748554645
7.88,1.6366713658012235,2.0229913684122728e-5,0.011960236417582903
7.89,1.6372123170748172,2.01785434875882e-5,0.010406693978094603
7.9,1.6376456837200484,2.0120555758167687e-5,0.009038463614678402
7.91,1.6379824842053743,2.005496583197885e-5,0.007836587521766853
7.92,1.6382329723516424,1.998064546841271e-5,0.006783422333925099
7.93,1.6384066150880134,1.989630907576374e-5,0.005862677805311399
7.94,1.6385120823325092,1.9800485361433394e-5,0.00505943455265668
7.95,1.6385572716844399,1.969151233142042e-5,0.004360101818631602
7.96,1.6385493242060327,1.9567497672066204e-5,0.0037523905542993785
7.97,1.638494671954403,1.9426322020861416e-5,0.0032252317691103846
7.98,1.6383990740653436,1.9265602795955003e-5,0.0027687145945824157
7.99,1.6382676680199508,1.9082694448753535e-5,0.0023739981449609647
8.0,1.6381050190479325,1.8874685708321886e-5,0.002033226571025551
8.01,1.637915167236749,1.863838996742534e-5,0.0017394480455693003
8.02,1.6377016794576102,1.837039454229773e-5,0.0014865253912402037
8.03,1.6374676934423145,1.8067079683397167e-5,0.0012690602344286872
8.04,1.637215962790032,1.7724700894165716e-5,0.001082315491485894
8.05,1.6369488985621938,1.733950633253071e-5,0.0009221436906249342
8.06,1.6366686062942544,1.690786599249766e-5,0.000784923166468189
8.07,1.6363769211662786,1.6426479170703826e-5,0.0006674973505638189
8.08,1.636075439610366,1.5892627150894645e-5,0.0005671201526851945
8.09,1.6357655474909287,1.53044592530614e-5,0.0004814072096693882
8.1,1.6354484455818776,1.4661320762598073e-5,0.0004082917486550896
8.11,1.6351251723702243,1.3964104384832521e-5,0.00034598503049324794
8.12,1.6347966242555831,1.321557384470368e-5,0.0002929412989148676
8.13,1.6344635734620214,1.242061993552951e-5,0.0002478267254814292
8.14,1.6341266839121473,1.1586395785966064e-5,0.00020949196668478993
8.15,1.6337865253115689,1.0722279089140412e-5,0.00017694795167096504
8.16,1.633443585622771,9.839619694757242e-6,0.00014934462865140636
8.17,1.633098282125948,8.951256817464746e-6,0.00012595234372664917
8.18,1.6327509712258823,8.070832171398604e-6,0.00010614555543557637
8.19,1.6324019571243118,7.211965864601134e-6,8.938862134823238e-5
8.2,1.632051499447414,6.387395188151501e-6,7.522341539998875e-5
8.21,1.6316998198969581,5.608190633593167e-6,6.325855861269219e-5
8.22,1.631347107986315,4.883152354703417e-6,5.316006818378365e-5
8.23,1.630993525927676,4.2184560493990665e-6,4.464325083178104e-5
8.24,1.6306392127495248,3.617569855488309e-6,3.7465685617172636e-5
8.25,1.6302842877368369,3.0814169767179295e-6,3.142115908633803e-5
8.26,1.629928853294679,2.608724223371548e-6,2.633443149389039e-5
8.27,1.6295729973357165,2.1964805411767505e-6,2.2056727106021714e-5
8.28,1.6292167952838652,1.840431368522143e-6,1.8461854306984247e-5
8.29,1.6288603117724427,1.5355490764671165e-6,1.544287254837646e-5
8.3,1.6285036020991326,1.276439920703938e-6,1.2909233272490662e-5
8.31,1.6281467134837484,1.0576681042991972e-6,1.0784332490545633e-5
8.32,1.6277896856001717,8.751199289114693e-7,9.003408808147013e-6
8.33,1.6274325518054449,7.256279125810675e-7,7.511754379146915e-6
8.34,1.6270753421369988,6.0278094606848e-7,6.263196940536762e-6
8.35,1.6267180817881095,5.014359677558686e-7,5.2188016791282134e-6
8.36,1.6263607918303207,4.1756905304561914e-7,4.345757045038542e-6
8.37,1.6260034899043705,3.479943563981953e-7,3.616429641731409e-6
8.38,1.625646190786768,2.901640993411642e-7,3.0075627080115565e-6
8.39,1.6252889068586185,2.4202327937919873e-7,2.4995952978886557e-6
8.4,1.6249316484977685,2.0190210662926376e-7,2.07608065992442e-6
8.41,1.6245744243875475,1.6843691612552872e-7,1.723223454156476e-6
8.42,1.6242172418175205,1.4050623332317743e-7,1.429417523750633e-6
8.43,1.6238601068806962,1.1718586479240827e-7,1.1849454141411244e-6
8.44,1.6235030246778792,9.771027411244531e-8,9.81660116558516e-7
8.45,1.6231459992791035,8.141341736992796e-8,8.131034403559135e-7
8.46,1.6227890342385363,6.777660394859937e-8,6.735769069059399e-7
8.47,1.6224321326589073,5.638498213335719e-8,5.580686823839331e-7
8.48,1.6220752971077166,4.688114171668437e-8,4.624386528961542e-7
8.49,1.6217185297265435,3.896248238826205e-8,3.832324788343216e-7
8.5,1.6213618322596268,3.237035840981052e-8,3.176418216164876e-7
8.51,1.62100520615984,2.6885922624487423e-8,2.633254641961505e-7
8.52,1.6206486526490191,2.2326336718371838e-8,2.1830872232943946e-7
8.53,1.6202921727146384,1.8537311234134623e-8,1.809956607686813e-7
8.54,1.6199357671491326,1.5390185843660972e-8,1.5010391365900276e-7
8.55,1.6195794366360388,1.2776342168128226e-8,1.2452120988196945e-7
8.56,1.6192231817554243,1.0606491313515973e-8,1.032966486098015e-7
8.57,1.618867002971223,8.805796860533857e-9,8.566674505534522e-8
8.58,1.618510900629029,7.31054780602869e-9,7.106212251211671e-8
8.59,1.61815487502853,6.067791282334803e-9,5.8983104208812276e-8
8.6,1.6177989264326027,5.034979070083861e-9,4.8984357158266487e-8
8.61,1.6174430550696486,4.179996506484348e-9,4.0670839436411014e-8
8.62,1.6170872611860019,3.4800312383701264e-9,3.360826406122214e-8
8.63,1.616731544754575,2.9104929411673804e-9,2.7835425481957407e-8
8.64,1.6163759057386862,2.447034446986503e-9,2.340748583771323e-8
8.65,1.6160203442266308,2.0675925478238817e-9,2.0162034958608577e-8
8.66,1.6156648604316823,1.752387995562322e-9,1.7719090365789332e-8
8.67,1.615309454692091,1.4839255019709332e-9,1.5481097271427138e-8
8.68,1.6149541273404573,1.3033715674009667e-9,1.2809070901719057e-8
8.69,1.6145988780547622,1.2928574667522e-9,1.0157082024012616e-8
8.7,1.6142437065912938,1.2428792839491106e-9,8.098212803184527e-9
8.71,1.613888612847672,1.0205637541582566e-9,6.895145888790267e-9
8.72,1.6135335968340492,6.003270526459498e-10,6.5231181910392405e-9
8.73,1.6131786586731112,6.387479477802437e-11,6.669920880793506e-9
8.74,1.6128237986000766,0.0,6.735899389568804e-9
8.75,1.6124690169291265,0.0,5.9199817304350496e-9
8.76,1.6121143134326381,0.0,4.767540206056052e-9
8.77,1.6117596878736296,0.0,3.768082920772422e-9
8.78,1.6114051401707674,0.0,3.032285397130785e-9
8.79,1.6110506702823015,0.0,2.6025822610905248e-9
8.8,1.6106962782060645,0.0,2.4531672420237745e-9
8.81,1.6103419639794725,0.0,2.489993172715468e-9
8.82,1.6099877276795247,0.0,2.5507719893632064e-9
8.83,1.609633569422803,0.0,2.404974731577384e-9
8.84,1.6092794892283413,0.0,1.9902117626529017e-9
8.85,1.6089254869078715,0.0,1.6014620956121086e-9
8.86,1.6085715624291677,0.0,1.264756302971621e-9
8.87,1.608217715767967,0.0,9.924041779941941e-10
8.88,1.6078639469037261,0.0,7.903076973322217e-10
8.89,1.6075102558196226,0.0,6.57961021027867e-10
8.9,1.607156642502553,0.0,5.884504925128456e-10
8.91,1.6068031069431343,0.0,5.684546386085858e-10
8.92,1.6064496491357032,0.0,5.782441695261819e-10
8.93,1.6060962690783163,0.0,5.916819788663975e-10
8.94,1.6057429667727507,0.0,5.762231436196638e-10
8.95,1.6053897422208667,0.0,4.991826491726448e-10
8.96,1.6050365953770822,0.0,4.0965336377946107e-10
8.97,1.6046835262120636,0.0,3.287363065312872e-10
8.98,1.6043305347086236,0.0,2.5660322279280276e-10
8.99,1.6039776208496508,0.0,1.9330278906706863e-10
9.0,1.6036247846181078,0.0,1.3876061299550991e-10
9.01,1.6032720259970332,0.0,9.27792333579166e-11
9.02,1.60291934496954,0.0,5.5038120072443074e-11
9.03,1.6025667415188172,0.0,2.5093674195607873e-11
9.04,1.6022142156281276,0.0,2.3792279222945646e-12
9.05,1.6018617672808102,0.0,0.0
9.06,1.6015093964602787,0.0,0.0
9.07,1.6011571031500216,0.0,0.0
9.08,1.6008048873336027,0.0,0.0
9.09,1.6004527489946612,0.0,0.0
9.1,1.6001006881169106,0.0,0.0
9.11,1.5997487046841403,0.0,0.0
9.12,1.5993967986800173,0.0,0.0
9.13,1.5990449700868716,0.0,0.0
9.14,1.5986932188875027,0.0,0.0
9.15,1.598341545064886,0.0,0.0
9.16,1.5979899486020002,0.0,0.0
9.17,1.5976384294818284,0.0,0.0
9.18,1.5972869876873568,0.0,0.0
9.19,1.596935623201576,0.0,0.0
9.2,1.5965843360074796,0.0,0.0
9.21,1.5962331260880653,0.0,0.0
9.22,1.595881993426335,0.0,0.0
9.23,1.5955309380052936,0.0,0.0
9.24,1.59517995980795,0.0,0.0
9.25,1.5948290588173166,0.0,0.0
9.26,1.5944782350164104,0.0,0.0
9.27,1.5941274883882508,0.0,0.0
9.28,1.593776818915862,0.0,0.0
9.29,1.5934262265822718,0.0,0.0
9.3,1.5930757113705112,0.0,0.0
9.31,1.5927252732636152,0.0,0.0
9.32,1.5923749122446227,0.0,0.0
9.33,1.5920246282965764,0.0,0.0
9.34,1.5916744214025222,0.0,0.0
9.35,1.5913242915455101,0.0,0.0
9.36,1.5909742387085943,0.0,0.0
9.37,1.5906242628748315,0.0,0.0
9.38,1.5902743640272834,0.0,0.0
9.39,1.589924542149015,0.0,0.0
9.4,1.5895747972230945,0.0,0.0
9.41,1.5892251292325945,0.0,0.0
9.42,1.5888755381605912,0.0,0.0
9.43,1.5885260239901637,0.0,0.0
9.44,1.5881765867043942,0.0,0.0
9.45,1.5878272262863695,0.0,0.0
9.46,1.5874779427191816,0.0,0.0
9.47,1.587128735985925,0.0,0.0
9.48,1.5867796060696986,0.0,0.0
9.49,1.5864305529536047,0.0,0.0
9.5,1.5860815766207492,0.0,0.0
9.51,1.5857326770542424,0.0,0.0
9.52,1.5853838542371974,0.0,0.0
9.53,1.5850351081527314,0.0,0.0
9.54,1.5846864387839652,0.0,0.0
9.55,1.5843378461140236,0.0,0.0
9.56,1.5839893301260346,0.0,0.0
9.57,1.58364089080313,0.0,0.0
9.58,1.583292528128446,0.0,0.0
9.59,1.5829442420851212,0.0,0.0
9.6,1.5825960326562991,0.0,0.0
9.61,1.5822478998251264,0.0,0.0
9.62,1.5818998435747533,0.0,0.0
9.63,1.581551863888334,0.0,0.0
9.64,1.581203960749026,0.0,0.0
9.65,1.5808561341399912,0.0,0.0
9.66,1.5805083840443945,0.0,0.0
9.67,1.580160710445405,0.0,0.0
9.68,1.579813113326195,0.0,0.0
9.69,1.579465592669941,0.0,0.0
9.7,1.579118148459823,0.0,0.0
9.71,1.5787707806790239,0.0,0.0
9.72,1.5784234893107318,0.0,0.0
9.73,1.5780762743381376,0.0,0.0
9.74,1.577729135744436,0.0,0.0
9.75,1.5773820735128252,0.0,0.0
9.76,1.5770350876265073,0.0,0.0
9.77,1.5766881780686883,0.0,0.0
9.78,1.5763413448225778,0.0,0.0
9.79,1.5759945878713886,0.0,0.0
9.8,1.5756479071983378,0.0,0.0
9.81,1.575301302786646,0.0,0.0
9.82,1.5749547746195374,0.0,0.0
9.83,1.5746083226802396,0.0,0.0
9.84,1.574261946951985,0.0,0.0
9.85,1.5739156474180083,0.0,0.0
9.86,1.5735694240615488,0.0,0.0
9.87,1.5732232768658492,0.0,0.0
9.88,1.5728772058141558,0.0,0.0
9.89,1.572531210889719,0.0,0.0
9.9,1.5721852920757922,0.0,0.0
9.91,1.5718394493556334,0.0,0.0
9.92,1.5714936827125032,0.0,0.0
9.93,1.571147992129667,0.0,0.0
9.94,1.570802377590393,0.0,0.0
9.95,1.5704568390779536,0.0,0.0
9.96,1.570111376575625,0.0,0.0
9.97,1.5697659900666865,0.0,0.0
9.98,1.5694206795344217,0.0,0.0
9.99,1.5690754449621174,0.0,0.0
10.0,1.5687302863330645,0.0,0.0
10.01,1.5683852036305574,0.0,0.0
10.02,1.5680401968378943,0.0,0.0
10.03,1.5676952659383767,0.0,0.0
10.04,1.5673504109153107,0.0,0.0
10.05,1.567005631752005,0.0,0.0
10.06,1.5666609284317723,0.0,0.0
10.07,1.56631630093793,0.0,0.0
10.08,1.5659717492537977,0.0,0.0
10.09,1.565627273362698,0.0,0.0
10.1,1.5652828732479547,0.0,0.0
10.11,1.564938548892899,0.0,0.0
10.12,1.5645943002808664,0.0,0.0
10.13,1.5642501273951956,0.0,0.0
10.14,1.563906030219229,0.0,0.0
10.15,1.5635620087363127,0.0,0.0
10.16,1.5632180629297965,0.0,0.0
10.17,1.562874192783034,0.0,0.0
10.18,1.5625303982793821,0.0,0.0
10.19,1.5621866794022017,0.0,0.0
10.2,1.5618430361348565,0.0,0.0
10.21,1.561499468460715,0.0,0.0
10.22,1.5611559763631486,0.0,0.0
10.23,1.5608125598255327,0.0,0.0
10.24,1.560469218831246,0.0,0.0
10.25,1.5601259533636707,0.0,0.0
10.26,1.5597827634061932,0.0,0.0
10.27,1.559439648942203,0.0,0.0
10.28,1.5590966099550938,0.0,0.0
10.29,1.5587536464282625,0.0,0.0
10.3,1.5584107583451097,0.0,0.0
10.31,1.5580679456890398,0.0,0.0
10.32,1.5577252084434605,0.0,0.0
10.33,1.5573825465917834,0.0,0.0
10.34,1.5570399601174238,0.0,0.0
10.35,1.5566974490038004,0.0,0.0
10.36,1.5563550132343356,0.0,0.0
10.37,1.5560126527924556,0.0,0.0
10.38,1.55567036766159,0.0,0.0
10.39,1.5553281578251723,0.0,0.0
10.4,1.5549860232666393,0.0,0.0
10.41,1.5546439639694316,0.0,0.0
10.42,1.5543019799169937,0.0,0.0
10.43,1.5539600710927732,0.0,0.0
10.44,1.5536182374802219,0.0,0.0
10.45,1.5532764790627944,0.0,0.0
10.46,1.55293479582395,0.0,0.0
10.47,1.552593187747151,0.0,0.0
10.48,1.5522516548158636,0.0,0.0
10.49,1.5519101970135571,0.0,0.0
10.5,1.551568814323705,0.0,0.0
10.51,1.5512275067297843,0.0,0.0
10.52,1.5508862742152754,0.0,0.0
10.53,1.5505451167636628,0.0,0.0
10.54,1.550204034358434,0.0,0.0
10.55,1.5498630269830806,0.0,0.0
10.56,1.549522094621098,0.0,0.0
10.57,1.5491812372559846,0.0,0.0
10.58,1.5488404548712429,0.0,0.0
10.59,1.548499747450379,0.0,0.0
10.6,1.5481591149769025,0.0,0.0
10.61,1.5478185574343264,0.0,0.0
10.62,1.547478074806168,0.0,0.0
10.63,1.5471376670759478,0.0,0.0
10.64,1.5467973342271897,0.0,0.0
10.65,1.5464570762434218,0.0,0.0
10.66,1.5461168931081755,0.0,0.0
10.67,1.5457767848049857,0.0,0.0
10.68,1.5454367513173914,0.0,0.0
10.69,1.5450967926289347,0.0,0.0
10.7,1.5447569087231618,0.0,0.0
10.71,1.544417099583622,0.0,0.0
10.72,1.544077365193869,0.0,0.0
10.73,1.5437377055374593,0.0,0.0
10.74,1.5433981205979534,0.0,0.0
10.75,1.543058610358916,0.0,0.0
10.76,1.5427191748039142,0.0,0.0
10.77,1.5423798139165197,0.0,0.0
10.78,1.5420405276803077,0.0,0.0
10.79,1.5417013160788566,0.0,0.0
10.8,1.5413621790957486,0.0,0.0
10.81,1.5410231167145705,0.0,0.0
10.82,1.5406841289189108,0.0,0.0
10.83,1.5403452156923634,0.0,0.0
10.84,1.540006377018525,0.0,0.0
10.85,1.5396676128809963,0.0,0.0
10.86,1.5393289232633807,0.0,0.0
10.87,1.5389903081492868,0.0,0.0
10.88,1.5386517675223252,0.0,0.0
10.89,1.5383133013661114,0.0,0.0
10.9,1.5379749096642588,0.0,0.0
10.91,1.5376365924003845,0.0,0.0
10.92,1.537298349558115,0.0,0.0
10.93,1.5369601811210796,0.0,0.0
10.94,1.5366220870729121,0.0,0.0
10.95,1.5362840673972495,0.0,0.0
10.96,1.5359461220777324,0.0,0.0
10.97,1.5356082510980045,0.0,0.0
10.98,1.5352704544417137,0.0,0.0
10.99,1.5349327320925115,0.0,0.0
11.0,1.534595084034052,0.0,0.0
11.01,1.5342575102499942,0.0,0.0
11.02,1.5339200107239996,0.0,0.0
11.03,1.5335825854397338,0.0,0.0
11.04,1.533245234380866,0.0,0.0
11.05,1.5329079575310685,0.0,0.0
11.06,1.5325707548740175,0.0,0.0
11.07,1.5322336263933927,0.0,0.0
11.08,1.5318965720728777,0.0,0.0
11.09,1.5315595918961589,0.0,0.0
11.1,1.531222685846927,0.0,0.0
11.11,1.5308858539088757,0.0,0.0
11.12,1.5305490960657027,0.0,0.0
11.13,1.5302124123011092,0.0,0.0
11.14,1.5298758025987995,0.0,0.0
11.15,1.529539266942482,0.0,0.0
11.16,1.5292028053158688,0.0,0.0
11.17,1.5288664177026747,0.0,0.0
11.18,1.5285301040866188,0.0,0.0
11.19,1.5281938644514235,0.0,0.0
11.2,1.527857698780815,0.0,0.0
11.21,1.5275216070585227,0.0,0.0
11.22,1.5271855892682797,0.0,0.0
11.23,1.526849645393823,0.0,0.0
11.24,1.5265137754188927,0.0,0.0
11.25,1.5261779793272325,0.0,0.0
11.26,1.5258422571025898,0.0,0.0
11.27,1.525506608728716,0.0,0.0
11.28,1.525171034189365,0.0,0.0
11.29,1.524835533468295,0.0,0.0
11.3,1.524500106549268,0.0,0.0
11.31,1.524164753416049,0.0,0.0
11.32,1.5238294740524065,0.0,0.0
11.33,1.5234942684421133,0.0,0.0
11.34,1.523159136568945,0.0,0.0
11.35,1.522824078416681,0.0,0.0
11.36,1.5224890939691045,0.0,0.0
11.37,1.522154183210002,0.0,0.0
11.38,1.5218193461231635,0.0,0.0
11.39,1.521484582692383,0.0,0.0
11.4,1.5211498929014575,0.0,0.0
11.41,1.5208152767341878,0.0,0.0
11.42,1.5204807341743785,0.0,0.0
11.43,1.5201462652058373,0.0,0.0
11.44,1.519811869812376,0.0,0.0
11.45,1.5194775479778093,0.0,0.0
11.46,1.5191432996859562,0.0,0.0
11.47,1.5188091249206386,0.0,0.0
11.48,1.5184750236656823,0.0,0.0
11.49,1.518140995904917,0.0,0.0
11.5,1.517807041622175,0.0,0.0
11.51,1.517473160801293,0.0,0.0
11.52,1.517139353426111,0.0,0.0
11.53,1.5168056194804729,0.0,0.0
11.54,1.5164719589482252,0.0,0.0
11.55,1.5161383718132189,0.0,0.0
11.56,1.5158048580593082,0.0,0.0
11.57,1.5154714176703512,0.0,0.0
11.58,1.5151380506302088,0.0,0.0
11.59,1.5148047569227463,0.0,0.0
11.6,1.514471536531832,0.0,0.0
11.61,1.5141383894413378,0.0,0.0
11.62,1.5138053156351399,0.0,0.0
11.63,1.5134723150971168,0.0,0.0
11.64,1.5131393878111519,0.0,0.0
11.65,1.512806533761131,0.0,0.0
11.66,1.5124737529309442,0.0,0.0
11.67,1.5121410453044848,0.0,0.0
11.68,1.51180841086565,0.0,0.0
11.69,1.51147584959834,0.0,0.0
11.7,1.5111433614864596,0.0,0.0
11.71,1.5108109465139157,0.0,0.0
11.72,1.51047860466462,0.0,0.0
11.73,1.5101463359224871,0.0,0.0
11.74,1.5098141402714353,0.0,0.0
11.75,1.509482017695387,0.0,0.0
11.76,1.5091499681782672,0.0,0.0
11.77,1.5088179917040052,0.0,0.0
11.78,1.5084860882565334,0.0,0.0
11.79,1.5081542578197884,0.0,0.0
11.8,1.507822500377709,0.0,0.0
11.81,1.5074908159142397,0.0,0.0
11.82,1.5071592044133268,0.0,0.0
11.83,1.5068276658589204,0.0,0.0
11.84,1.506496200234975,0.0,0.0
11.85,1.506164807525448,0.0,0.0
11.86,1.5058334877143007,0.0,0.0
11.87,1.5055022407854972,0.0,0.0
11.88,1.5051710667230054,0.0,0.0
11.89,1.5048399655107854,0.0,0.0
11.9,1.5045089371328086,0.0,0.0
11.91,1.5041779815730547,0.0,0.0
11.92,1.5038470988155064,0.0,0.0
11.93,1.5035162888441496,0.0,0.0
11.94,1.5031855516429742,0.0,0.0
11.95,1.5028548871959735,0.0,0.0
11.96,1.5025242954871443,0.0,0.0
11.97,1.5021937765004867,0.0,0.0
11.98,1.5018633302200044,0.0,0.0
11.99,1.5015329566297044,0.0,0.0
12.0,1.5012026557135976,0.0,0.0
12.01,1.500872427455698,0.0,0.0
12.02,1.500542271840023,0.0,0.0
12.03,1.5002121888505937,0.0,0.0
12.04,1.499882178471435,0.0,0.0
12.05,1.4995522406865744,0.0,0.0
12.06,1.4992223754800438,0.0,0.0
12.07,1.4988925828358781,0.0,0.0
12.08,1.4985628627381158,0.0,0.0
12.09,1.4982332151707987,0.0,0.0
12.1,1.4979036401179724,0.0,0.0
12.11,1.4975741375636855,0.0,0.0
12.12,1.4972447074919908,0.0,0.0
12.13,1.4969153498869436,0.0,0.0
12.14,1.4965860647326037,0.0,0.0
12.15,1.496256852013034,0.0,0.0
12.16,1.4959277117123004,0.0,0.0
12.17,1.4955986438144728,0.0,0.0
12.18,1.4952696483036245,0.0,0.0
12.19,1.4949407251638325,0.0,0.0
12.2,1.4946118743791765,0.0,0.0
12.21,1.4942830959337405,0.0,0.0
12.22,1.4939543898116117,0.0,0.0
12.23,1.4936257559968804,0.0,0.0
12.24,1.4932971944736413,0.0,0.0
12.25,1.4929687052259917,0.0,0.0
12.26,1.4926402882380325,0.0,0.0
12.27,1.4923119434938688,0.0,0.0
12.28,1.491983670977608,0.0,0.0
12.29,1.491655470673362,0.0,0.0
12.3,1.4913273425652458,0.0,0.0
12.31,1.490999286637378,0.0,0.0
12.32,1.49067130287388,0.0,0.0
12.33,1.4903433912588782,0.0,0.0
12.34,1.4900155517765006,0.0,0.0
12.35,1.48968778441088,0.0,0.0
12.36,1.4893600891461523,0.0,0.0
12.37,1.4890324659664567,0.0,0.0
12.38,1.4887049148559361,0.0,0.0
12.39,1.4883774357987372,0.0,0.0
12.4,1.488050028779009,0.0,0.0
12.41,1.4877226937809056,0.0,0.0
12.42,1.4873954307885835,0.0,0.0
12.43,1.4870682397862025,0.0,0.0
12.44,1.4867411207579269,0.0,0.0
12.45,1.4864140736879234,0.0,0.0
12.46,1.4860870985603631,0.0,0.0
12.47,1.48576019535942,0.0,0.0
12.48,1.4854333640692716,0.0,0.0
12.49,1.4851066046740993,0.0,0.0
12.5,1.4847799171580873,0.0,0.0
12.51,1.484453301505424,0.0,0.0
12.52,1.4841267577003008,0.0,0.0
12.53,1.4838002857269128,0.0,0.0
12.54,1.4834738855694585,0.0,0.0
12.55,1.4831475572121398,0.0,0.0
12.56,1.4828213006391622,0.0,0.0
12.57,1.4824951158347348,0.0,0.0
12.58,1.4821690027830698,0.0,0.0
12.59,1.4818429614683832,0.0,0.0
12.6,1.4815169918748943,0.0,0.0
12.61,1.4811910939868262,0.0,0.0
12.62,1.480865267788405,0.0,0.0
12.63,1.4805395132638606,0.0,0.0
12.64,1.4802138303974264,0.0,0.0
12.65,1.479888219173339,0.0,0.0
12.66,1.4795626795758388,0.0,0.0
12.67,1.4792372115891694,0.0,0.0
12.68,1.4789118151975782,0.0,0.0
12.69,1.4785864903853156,0.0,0.0
12.7,1.4782612371366364,0.0,0.0
12.71,1.4779360554357974,0.0,0.0
12.72,1.4776109452670603,0.0,0.0
12.73,1.4772859066146897,0.0,0.0
12.74,1.4769609394629537,0.0,0.0
12.75,1.4766360437961235,0.0,0.0
12.76,1.4763112195984744,0.0,0.0
12.77,1.475986466854285,0.0,0.0
12.78,1.4756617855478373,0.0,0.0
12.79,1.4753371756634168,0.0,0.0
12.8,1.4750126371853123,0.0,0.0
12.81,1.4746881700978163,0.0,0.0
12.82,1.474363774385225,0.0,0.0
12.83,1.4740394500318372,0.0,0.0
12.84,1.4737151970219564,0.0,0.0
12.85,1.4733910153398886,0.0,0.0
12.86,1.4730669049699439,0.0,0.0
12.87,1.4727428658964357,0.0,0.0
12.88,1.4724188981036803,0.0,0.0
12.89,1.4720950015759984,0.0,0.0
12.9,1.4717711762977137,0.0,0.0
12.91,1.4714474222531533,0.0,0.0
12.92,1.471123739426648,0.0,0.0
12.93,1.470800127802532,0.0,0.0
12.94,1.4704765873651433,0.0,0.0
12.95,1.4701531180988223,0.0,0.0
12.96,1.4698297199879142,0.0,0.0
12.97,1.469506393016767,0.0,0.0
12.98,1.4691831371697326,0.0,0.0
12.99,1.4688599524311654,0.0,0.0
13.0,1.4685368387854245,0.0,0.0
13.01,1.4682137962168718,0.0,0.0
13.02,1.4678908247098692,0.0,0.0
13.03,1.4675679242487685,0.0,0.0
13.04,1.4672450948179394,0.0,0.0
13.05,1.4669223364017587,0.0,0.0
13.06,1.466599648984606,0.0,0.0
13.07,1.4662770325508647,0.0,0.0
13.08,1.4659544870849215,0.0,0.0
13.09,1.4656320125711657,0.0,0.0
13.1,1.4653096089939914,0.0,0.0
13.11,1.464987276337795,0.0,0.0
13.12,1.4646650145869766,0.0,0.0
13.13,1.4643428237259397,0.0,0.0
13.14,1.4640207037390913,0.0,0.0
13.15,1.4636986546108417,0.0,0.0
13.16,1.4633766763256046,0.0,0.0
13.17,1.463054768867797,0.0,0.0
13.18,1.4627329322218394,0.0,0.0
13.19,1.4624111663721555,0.0,0.0
13.2,1.4620894713031727,0.0,0.0
13.21,1.4617678469993216,0.0,0.0
13.22,1.461446293445036,0.0,0.0
13.23,1.4611248106247536,0.0,0.0
13.24,1.460803398522915,0.0,0.0
13.25,1.4604820571239643,0.0,0.0
13.26,1.4601607864123491,0.0,0.0
13.27,1.4598395863725204,0.0,0.0
13.28,1.4595184569889323,0.0,0.0
13.29,1.4591973982460429,0.0,0.0
13.3,1.4588764101283132,0.0,0.0
13.31,1.4585554926202073,0.0,0.0
13.32,1.4582346457061934,0.0,0.0
13.33,1.4579138693707427,0.0,0.0
13.34,1.4575931635983301,0.0,0.0
13.35,1.4572725283734331,0.0,0.0
13.36,1.4569519636805337,0.0,0.0
13.37,1.4566314695041163,0.0,0.0
13.38,1.456311045828669,0.0,0.0
13.39,1.4559906926386839,0.0,0.0
13.4,1.4556704099186555,0.0,0.0
13.41,1.4553501976530823,0.0,0.0
13.42,1.4550300558264662,0.0,0.0
13.43,1.4547099844233122,0.0,0.0
13.44,1.4543899834281289,0.0,0.0
13.45,1.4540700528254278,0.0,0.0
13.46,1.4537501925997247,0.0,0.0
13.47,1.4534304027355383,0.0,0.0
13.48,1.4531106832173901,0.0,0.0
13.49,1.4527910340298062,0.0,0.0
13.5,1.452471455157315,0.0,0.0
13.51,1.452151946584449,0.0,0.0
13.52,1.4518325082957437,0.0,0.0
13.53,1.4515131402757382,0.0,0.0
13.54,1.4511938425089748,0.0,0.0
13.55,1.4508746149799991,0.0,0.0
13.56,1.4505554576733606,0.0,0.0
13.57,1.4502363705736117,0.0,0.0
13.58,1.4499173536653083,0.0,0.0
13.59,1.44959840693301,0.0,0.0
13.6,1.4492795303612789,0.0,0.0
13.61,1.4489607239346818,0.0,0.0
13.62,1.4486419876377876,0.0,0.0
13.63,1.4483233214551696,0.0,0.0
13.64,1.448004725371404,0.0,0.0
13.65,1.4476861993710701,0.0,0.0
13.66,1.4473677434387515,0.0,0.0
13.67,1.4470493575590342,0.0,0.0
13.68,1.4467310417165082,0.0,0.0
13.69,1.4464127958957667,0.0,0.0
13.7,1.446094620081406,0.0,0.0
13.71,1.4457765142580263,0.0,0.0
13.72,1.4454584784102311,0.0,0.0
13.73,1.445140512522627,0.0,0.0
13.74,1.4448226165798241,0.0,0.0
13.75,1.444504790566436,0.0,0.0
13.76,1.4441870344670795,0.0,0.0
13.77,1.4438693482663751,0.0,0.0
13.78,1.4435517319489464,0.0,0.0
13.79,1.4432341854994202,0.0,0.0
13.8,1.4429167089024273,0.0,0.0
13.81,1.4425993021426016,0.0,0.0
13.82,1.4422819652045797,0.0,0.0
13.83,1.441964698073003,0.0,0.0
13.84,1.4416475007325151,0.0,0.0
13.85,1.4413303731677636,0.0,0.0
13.86,1.441013315363399,0.0,0.0
13.87,1.4406963273040758,0.0,0.0
13.88,1.4403794089744513,0.0,0.0
13.89,1.4400625603591866,0.0,0.0
13.9,1.4397457814429457,0.0,0.0
13.91,1.4394290722103968,0.0,0.0
13.92,1.4391124326462108,0.0,0.0
13.93,1.438795862735062,0.0,0.0
13.94,1.4384793624616286,0.0,0.0
13.95,1.4381629318105917,0.0,0.0
13.96,1.437846570766636,0.0,0.0
13.97,1.4375302793144493,0.0,0.0
13.98,1.4372140574387235,0.0,0.0
13.99,1.436897905124153,0.0,0.0
14.0,1.4365818223554363,0.0,0.0
14.01,1.4362658091172749,0.0,0.0
14.02,1.4359498653943736,0.0,0.0
14.03,1.4356339911714409,0.0,0.0
14.04,1.4353181864331885,0.0,0.0
14.05,1.4350024511643316,0.0,0.0
14.06,1.4346867853495886,0.0,0.0
14.07,1.4343711889736814,0.0,0.0
14.08,1.4340556620213358,0.0,0.0
14.09,1.4337402044772798,0.0,0.0
14.1,1.4334248163262457,0.0,0.0
14.11,1.4331094975529695,0.0,0.0
14.12,1.4327942481421891,0.0,0.0
14.13,1.4324790680786474,0.0,0.0
14.14,1.4321639573470901,0.0,0.0
14.15,1.4318489159322656,0.0,0.0
14.16,1.4315339438189267,0.0,0.0
14.17,1.4312190409918293,0.0,0.0
14.18,1.4309042074357323,0.0,0.0
14.19,1.4305894431353983,0.0,0.0
14.2,1.4302747480755935,0.0,0.0
14.21,1.4299601222410865,0.0,0.0
14.22,1.4296455656166511,0.0,0.0
14.23,1.4293310781870627,0.0,0.0
14.24,1.429016659937101,0.0,0.0
14.25,1.4287023108515489,0.0,0.0
14.26,1.4283880309151924,0.0,0.0
14.27,1.4280738201128218,0.0,0.0
14.28,1.4277596784292295,0.0,0.0
14.29,1.4274456058492122,0.0,0.0
14.3,1.4271316023575693,0.0,0.0
14.31,1.4268176679390965,0.0,0.0
14.32,1.4265038025785786,0.0,0.0
14.33,1.4261900062608244,0.0,0.0
14.34,1.4258762789706476,0.0,0.0
14.35,1.4255626206928658,0.0,0.0
14.36,1.4252490314122988,0.0,0.0
14.37,1.424935511113771,0.0,0.0
14.38,1.4246220597821087,0.0,0.0
14.39,1.4243086774021427,0.0,0.0
14.4,1.4239953639587066,0.0,0.0
14.41,1.423682119436637,0.0,0.0
14.42,1.4233689438207742,0.0,0.0
14.43,1.4230558370959618,0.0,0.0
14.44,1.4227427992470463,0.0,0.0
14.45,1.4224298302588778,0.0,0.0
14.46,1.4221169301163097,0.0,0.0
14.47,1.4218040988041984,0.0,0.0
14.48,1.4214913363074042,0.0,0.0
14.49,1.42117864261079,0.0,0.0
14.5,1.420866017699222,0.0,0.0
14.51,1.4205534615575703,0.0,0.0
14.52,1.420240974170708,0.0,0.0
14.53,1.4199285555235113,0.0,0.0
14.54,1.4196162056008597,0.0,0.0
14.55,1.4193039243876362,0.0,0.0
14.56,1.418991711868727,0.0,0.0
14.57,1.4186795680290216,0.0,0.0
14.58,1.4183674928534127,0.0,0.0
14.59,1.4180554863267965,0.0,0.0
14.6,1.4177435484340721,0.0,0.0
14.61,1.4174316791601425,0.0,0.0
14.62,1.417119878489913,0.0,0.0
14.63,1.4168081464082933,0.0,0.0
14.64,1.4164964829001958,0.0,0.0
14.65,1.4161848879505363,0.0,0.0
14.66,1.4158733615442338,0.0,0.0
14.67,1.4155619036662106,0.0,0.0
14.68,1.4152505143013923,0.0,0.0
14.69,1.414939193434708,0.0,0.0
14.7,1.4146279410510898,0.0,0.0
14.71,1.4143167571354733,0.0,0.0
14.72,1.4140056416727973,0.0,0.0
14.73,1.4136945946480035,0.0,0.0
14.74,1.4133836160460378,0.0,0.0
14.75,1.4130727058518486,0.0,0.0
14.76,1.4127618640503878,0.0,0.0
14.77,1.4124510906266108,0.0,0.0
14.78,1.412140385565476,0.0,0.0
14.79,1.4118297488519451,0.0,0.0
14.8,1.4115191804709832,0.0,0.0
14.81,1.411208680407559,0.0,0.0
14.82,1.4108982486466437,0.0,0.0
14.83,1.4105878851732128,0.0,0.0
14.84,1.410277589972244,0.0,0.0
14.85,1.409967363028719,0.0,0.0
14.86,1.4096572043276228,0.0,0.0
14.87,1.4093471138539433,0.0,0.0
14.88,1.409037091592672,0.0,0.0
14.89,1.4087271375288035,0.0,0.0
14.9,1.4084172516473357,0.0,0.0
14.91,1.4081074339332702,0.0,0.0
14.92,1.4077976843716111,0.0,0.0
14.93,1.4074880029473664,0.0,0.0
14.94,1.4071783896455474,0.0,0.0
14.95,1.406868844451168,0.0,0.0
14.96,1.4065593673492465,0.0,0.0
14.97,1.4062499583248036,0.0,0.0
14.98,1.4059406173628635,0.0,0.0
14.99,1.4056313444484538,0.0,0.0
15.0,1.4053221395666053,0.0,0.0
15.01,1.4050130027023524,0.0,0.0
15.02,1.404703933840732,0.0,0.0
15.03,1.4043949329667855,0.0,0.0
15.04,1.4040860000655562,0.0,0.0
15.05,1.4037771351220918,0.0,0.0
15.06,1.4034683381214426,0.0,0.0
15.07,1.4031596090486627,0.0,0.0
15.08,1.402850947888809,0.0,0.0
15.09,1.4025423546269422,0.0,0.0
15.1,1.4022338292481256,0.0,0.0
15.11,1.4019253717374267,0.0,0.0
15.12,1.4016169820799156,0.0,0.0
15.13,1.4013086602606657,0.0,0.0
15.14,1.401000406264754,0.0,0.0
15.15,1.4006922200772607,0.0,0.0
15.16,1.4003841016832692,0.0,0.0
15.17,1.4000760510678663,0.0,0.0
15.18,1.3997680682161417,0.0,0.0
15.19,1.3994601531131892,0.0,0.0
15.2,1.399152305744105,0.0,0.0
15.21,1.398844526093989,0.0,0.0
15.22,1.3985368141479446,0.0,0.0
15.23,1.398229169891078,0.0,0.0
15.24,1.3979215933084992,0.0,0.0
15.25,1.397614084385321,0.0,0.0
15.26,1.3973066431066599,0.0,0.0
15.27,1.3969992694576354,0.0,0.0
15.28,1.3966919634233703,0.0,0.0
15.29,1.396384724988991,0.0,0.0
15.3,1.3960775541396266,0.0,0.0
15.31,1.3957704508604103,0.0,0.0
15.32,1.3954634151364778,0.0,0.0
15.33,1.3951564469529687,0.0,0.0
15.34,1.3948495462950254,0.0,0.0
15.35,1.3945427131477939,0.0,0.0
15.36,1.3942359474964232,0.0,0.0
15.37,1.3939292493260662,0.0,0.0
15.38,1.393622618621878,0.0,0.0
15.39,1.3933160553690185,0.0,0.0
15.4,1.3930095595526493,0.0,0.0
15.41,1.3927031311579365,0.0,0.0
15.42,1.3923967701700488,0.0,0.0
15.43,1.3920904765741584,0.0,0.0
15.44,1.391784250355441,0.0,0.0
15.45,1.391478091499075,0.0,0.0
15.46,1.3911719999902428,0.0,0.0
15.47,1.3908659758141293,0.0,0.0
15.48,1.390560018955924,0.0,0.0
15.49,1.3902541294008177,0.0,0.0
15.5,1.3899483071340069,0.0,0.0
15.51,1.389642552140689,0.0,0.0
15.52,1.3893368644060664,0.0,0.0
15.53,1.3890312439153436,0.0,0.0
15.54,1.3887256906537295,0.0,0.0
15.55,1.3884202046064358,0.0,0.0
15.56,1.388114785758677,0.0,0.0
15.57,1.3878094340956717,0.0,0.0
15.58,1.3875041496026412,0.0,0.0
15.59,1.3871989322648106,0.0,0.0
15.6,1.3868937820674074,0.0,0.0
15.61,1.386588698995664,0.0,0.0
15.62,1.3862836830348135,0.0,0.0
15.63,1.3859787341700953,0.0,0.0
15.64,1.3856738523867502,0.0,0.0
15.65,1.3853690376700225,0.0,0.0
15.66,1.38506429000516,0.0,0.0
15.67,1.3847596093774144,0.0,0.0
15.68,1.3844549957720393,0.0,0.0
15.69,1.3841504491742926,0.0,0.0
15.7,1.3838459695694356,0.0,0.0
15.71,1.3835415569427323,0.0,0.0
15.72,1.3832372112794498,0.0,0.0
15.73,1.3829329325648398,0.0,0.0
15.74,1.3826287207841572,0.0,0.0
15.75,1.3823245759226794,0.0,0.0
15.76,1.3820204979656883,0.0,0.0
15.77,1.381716486898468,0.0,0.0
15.78,1.3814125427063058,0.0,0.0
15.79,1.3811086653744928,0.0,0.0
15.8,1.380804854888323,0.0,0.0
15.81,1.3805011112330932,0.0,0.0
15.82,1.380197434394104,0.0,0.0
15.83,1.3798938243566587,0.0,0.0
15.84,1.379590281106064,0.0,0.0
15.85,1.3792868046276299,0.0,0.0
15.86,1.3789833949066692,0.0,0.0
15.87,1.3786800519284983,0.0,0.0
15.88,1.3783767756784364,0.0,0.0
15.89,1.3780735661418062,0.0,0.0
15.9,1.3777704233039336,0.0,0.0
15.91,1.3774673471501473,0.0,0.0
15.92,1.3771643376657796,0.0,0.0
15.93,1.3768613948361657,0.0,0.0
15.94,1.3765585186466438,0.0,0.0
15.95,1.3762557090825562,0.0,0.0
15.96,1.3759529661292473,0.0,0.0
15.97,1.3756502897720653,0.0,0.0
15.98,1.3753476799963615,0.0,0.0
15.99,1.37504513678749,0.0,0.0
16.0,1.3747426601308088,0.0,0.0
16.01,1.3744402500116781,0.0,0.0
16.02,1.3741379064154624,0.0,0.0
16.03,1.3738356293275285,0.0,0.0
16.04,1.3735334187332469,0.0,0.0
16.05,1.3732312746179909,0.0,0.0
16.06,1.3729291969671373,0.0,0.0
16.07,1.372627185766066,0.0,0.0
16.08,1.3723252410001598,0.0,0.0
16.09,1.3720233626548053,0.0,0.0
16.1,1.3717215507153915,0.0,0.0
16.11,1.3714198051673112,0.0,0.0
16.12,1.3711181259959602,0.0,0.0
16.13,1.3708165131867374,0.0,0.0
16.14,1.370514966725045,0.0,0.0
16.15,1.370213486596288,0.0,0.0
16.16,1.3699120727858753,0.0,0.0
16.17,1.3696107252792182,0.0,0.0
16.18,1.369309444061732,0.0,0.0
16.19,1.3690082291188344,0.0,0.0
16.2,1.3687070804359467,0.0,0.0
16.21,1.3684059979984933,0.0,0.0
16.22,1.368104981791902,0.0,0.0
16.23,1.3678040318016031,0.0,0.0
16.24,1.367503148013031,0.0,0.0
16.25,1.3672023304116228,0.0,0.0
16.26,1.3669015789828185,0.0,0.0
16.27,1.366600893712062,0.0,0.0
16.28,1.3663002745847996,0.0,0.0
16.29,1.3659997215864814,0.0,0.0
16.3,1.3656992347025605,0.0,0.0
16.31,1.3653988139184927,0.0,0.0
16.32,1.365098459219738,0.0,0.0
16.33,1.3647981705917587,0.0,0.0
16.34,1.3644979480200203,0.0,0.0
16.35,1.3641977914899923,0.0,0.0
16.36,1.3638977009871465,0.0,0.0
16.37,1.3635976764969582,0.0,0.0
16.38,1.3632977180049062,0.0,0.0
16.39,1.3629978254964719,0.0,0.0
16.4,1.3626979989571402,0.0,0.0
16.41,1.3623982383723992,0.0,0.0
16.42,1.3620985437277402,0.0,0.0
16.43,1.3617989150086576,0.0,0.0
16.44,1.3614993522006487,0.0,0.0
16.45,1.3611998552892146,0.0,0.0
16.46,1.3609004242598592,0.0,0.0
16.47,1.3606010590980897,0.0,0.0
16.48,1.3603017597894163,0.0,0.0
16.49,1.3600025263193525,0.0,0.0
16.5,1.359703358673415,0.0,0.0
16.51,1.3594042568371238,0.0,0.0
16.52,1.359105220796002,0.0,0.0
16.53,1.3588062505355754,0.0,0.0
16.54,1.3585073460413737,0.0,0.0
16.55,1.3582085072989296,0.0,0.0
16.56,1.357909734293779,0.0,0.0
16.57,1.3576110270114603,0.0,0.0
16.58,1.3573123854375162,0.0,0.0
16.59,1.3570138095574917,0.0,0.0
16.6,1.3567152993569354,0.0,0.0
16.61,1.3564168548213993,0.0,0.0
16.62,1.3561184759364378,0.0,0.0
16.63,1.3558201626876092,0.0,0.0
16.64,1.3555219150604745,0.0,0.0
16.65,1.3552237330405985,0.0,0.0
16.66,1.3549256166135484,0.0,0.0
16.67,1.3546275657648954,0.0,0.0
16.68,1.3543295804802133,0.0,0.0
16.69,1.354031660745079,0.0,0.0
16.7,1.3537338065450735,0.0,0.0
16.71,1.3534360178657794,0.0,0.0
16.72,1.3531382946927841,0.0,0.0
16.73,1.352840637011677,0.0,0.0
16.74,1.3525430448080515,0.0,0.0
16.75,1.3522455180675037,0.0,0.0
16.76,1.351948056775633,0.0,0.0
16.77,1.3516506609180423,0.0,0.0
16.78,1.351353330480337,0.0,0.0
16.79,1.3510560654481263,0.0,0.0
16.8,1.350758865807022,0.0,0.0
16.81,1.3504617315426402,0.0,0.0
16.82,1.3501646626405983,0.0,0.0
16.83,1.3498676590865188,0.0,0.0
16.84,1.3495707208660266,0.0,0.0
16.85,1.3492738479647495,0.0,0.0
16.86,1.3489770403683188,0.0,0.0
16.87,1.348680298062369,0.0,0.0
16.88,1.3483836210325377,0.0,0.0
16.89,1.3480870092644655,0.0,0.0
16.9,1.3477904627437967,0.0,0.0
16.91,1.347493981456178,0.0,0.0
16.92,1.3471975653872599,0.0,0.0
16.93,1.3469012145226962,0.0,0.0
16.94,1.3466049288481434,0.0,0.0
16.95,1.3463087083492615,0.0,0.0
16.96,1.3460125530117133,0.0,0.0
16.97,1.3457164628211655,0.0,0.0
16.98,1.3454204377632872,0.0,0.0
16.99,1.345124477823751,0.0,0.0
17.0,1.3448285829882325,0.0,0.0
17.01,1.3445327532424114,0.0,0.0
17.02,1.3442369885719692,0.0,0.0
17.03,1.3439412889625915,0.0,0.0
17.04,1.3436456543999669,0.0,0.0
17.05,1.3433500848697868,0.0,0.0
17.06,1.343054580357746,0.0,0.0
17.07,1.342759140849543,0.0,0.0
17.08,1.3424637663308794,0.0,0.0
17.09,1.3421684567874586,0.0,0.0
17.1,1.3418732122049883,0.0,0.0
17.11,1.3415780325691804,0.0,0.0
17.12,1.3412829178657484,0.0,0.0
17.13,1.340987868080409,0.0,0.0
17.14,1.3406928831988825,0.0,0.0
17.15,1.3403979632068932,0.0,0.0
17.16,1.340103108090167,0.0,0.0
17.17,1.3398083178344344,0.0,0.0
17.18,1.339513592425428,0.0,0.0
17.19,1.339218931848885,0.0,0.0
17.2,1.3389243360905432,0.0,0.0
17.21,1.3386298051361467,0.0,0.0
17.22,1.3383353389714407,0.0,0.0
17.23,1.3380409375821738,0.0,0.0
17.24,1.337746600954099,0.0,0.0
17.25,1.337452329072971,0.0,0.0
17.26,1.3371581219245412,0.0,0.0
17.27,1.336863979494537,0.0,0.0
17.28,1.3365699017687187,0.0,0.0
17.29,1.3362758887328554,0.0,0.0
17.3,1.3359819403727187,0.0,0.0
17.31,1.3356880566740834,0.0,0.0
17.32,1.3353942376227275,0.0,0.0
17.33,1.3351004832044318,0.0,0.0
17.34,1.3348067934049803,0.0,0.0
17.35,1.3345131682101603,0.0,0.0
17.36,1.334219607605762,0.0,0.0
17.37,1.3339261115775782,0.0,0.0
17.38,1.333632680111406,0.0,0.0
17.39,1.3333393131930442,0.0,0.0
17.4,1.3330460108082955,0.0,0.0
17.41,1.3327527729429656,0.0,0.0
17.42,1.3324595995828625,0.0,0.0
17.43,1.3321664907137987,0.0,0.0
17.44,1.3318734463215884,0.0,0.0
17.45,1.3315804663920499,0.0,0.0
17.46,1.3312875509110036,0.0,0.0
17.47,1.3309946998642739,0.0,0.0
17.48,1.3307019132376876,0.0,0.0
17.49,1.330409191017075,0.0,0.0
17.5,1.330116533188269,0.0,0.0
17.51,1.3298239397371063,0.0,0.0
17.52,1.329531410649426,0.0,0.0
17.53,1.3292389459110705,0.0,0.0
17.54,1.3289465455078855,0.0,0.0
17.55,1.3286542094257194,0.0,0.0
17.56,1.3283619376504239,0.0,0.0
17.57,1.3280697301678537,0.0,0.0
17.58,1.3277775869638666,0.0,0.0
17.59,1.3274855080243233,0.0,0.0
17.6,1.3271934933350877,0.0,0.0
17.61,1.3269015428820274,0.0,0.0
17.62,1.3266096566510117,0.0,0.0
17.63,1.3263178346279145,0.0,0.0
17.64,1.3260260767986112,0.0,0.0
17.65,1.3257343831489818,0.0,0.0
17.66,1.3254427536649083,0.0,0.0
17.67,1.3251511883322762,0.0,0.0
17.68,1.324859687136974,0.0,0.0
17.69,1.3245682500648932,0.0,0.0
17.7,1.3242768771019289,0.0,0.0
17.71,1.3239855682339783,0.0,0.0
17.72,1.3236943234469427,0.0,0.0
17.73,1.3234031427267254,0.0,0.0
17.74,1.323112026059234,0.0,0.0
17.75,1.3228209734303777,0.0,0.0
17.76,1.3225299848260703,0.0,0.0
17.77,1.3222390602322278,0.0,0.0
17.78,1.3219481996347693,0.0,0.0
17.79,1.3216574030196173,0.0,0.0
17.8,1.3213666703726972,0.0,0.0
17.81,1.3210760016799372,0.0,0.0
17.82,1.320785396927269,0.0,0.0
17.83,1.3204948561006271,0.0,0.0
17.84,1.3202043791859492,0.0,0.0
17.85,1.3199139661691763,0.0,0.0
17.86,1.319623617036252,0.0,0.0
17.87,1.3193333317731233,0.0,0.0
17.88,1.3190431103657403,0.0,0.0
17.89,1.3187529528000554,0.0,0.0
17.9,1.3184628590620255,0.0,0.0
17.91,1.3181728291376094,0.0,0.0
17.92,1.3178828630127695,0.0,0.0
17.93,1.3175929606734709,0.0,0.0
17.94,1.3173031221056823,0.0,0.0
17.95,1.317013347295375,0.0,0.0
17.96,1.3167236362285235,0.0,0.0
17.97,1.3164339888911056,0.0,0.0
17.98,1.316144405269102,0.0,0.0
17.99,1.3158548853484964,0.0,0.0
18.0,1.3155654291152756,0.0,0.0
18.01,1.3152760365554295,0.0,0.0
18.02,1.314986707654951,0.0,0.0
18.03,1.3146974423998365,0.0,0.0
18.04,1.314408240776085,0.0,0.0
18.05,1.3141191027696986,0.0,0.0
18.06,1.3138300283666828,0.0,0.0
18.07,1.3135410175530455,0.0,0.0
18.08,1.3132520703147987,0.0,0.0
18.09,1.3129631866379563,0.0,0.0
18.1,1.3126743665085363,0.0,0.0
18.11,1.3123856099125595,0.0,0.0
18.12,1.312096916836049,0.0,0.0
18.13,1.311808287265032,0.0,0.0
18.14,1.3115197211855385,0.0,0.0
18.15,1.311231218583601,0.0,0.0
18.16,1.310942779445256,0.0,0.0
18.17,1.3106544037565422,0.0,0.0
18.18,1.310366091503502,0.0,0.0
18.19,1.3100778426721802,0.0,0.0
18.2,1.3097896572486258,0.0,0.0
18.21,1.3095015352188897,0.0,0.0
18.22,1.3092134765690264,0.0,0.0
18.23,1.3089254812850932,0.0,0.0
18.24,1.3086375493531512,0.0,0.0
18.25,1.3083496807592638,0.0,0.0
18.26,1.3080618754894977,0.0,0.0
18.27,1.3077741335299229,0.0,0.0
18.28,1.307486454866612,0.0,0.0
18.29,1.307198839485641,0.0,0.0
18.3,1.3069112873730893,0.0,0.0
18.31,1.3066237985150386,0.0,0.0
18.32,1.306336372897574,0.0,0.0
18.33,1.3060490105067843,0.0,0.0
18.34,1.3057617113287605,0.0,0.0
18.35,1.3054744753495966,0.0,0.0
18.36,1.3051873025553906,0.0,0.0
18.37,1.304900192932243,0.0,0.0
18.38,1.304613146466257,0.0,0.0
18.39,1.3043261631435399,0.0,0.0
18.4,1.3040392429502008,0.0,0.0
18.41,1.303752385872353,0.0,0.0
18.42,1.3034655918961122,0.0,0.0
18.43,1.3031788610075976,0.0,0.0
18.44,1.3028921931929307,0.0,0.0
18.45,1.3026055884382375,0.0,0.0
18.46,1.3023190467296453,0.0,0.0
18.47,1.302032568053286,0.0,0.0
18.48,1.3017461523952936,0.0,0.0
18.49,1.3014597997418054,0.0,0.0
18.5,1.3011735100789623,0.0,0.0
18.51,1.3008872833929075,0.0,0.0
18.52,1.300601119669788,0.0,0.0
18.53,1.3003150188957533,0.0,0.0
18.54,1.300028981056956,0.0,0.0
18.55,1.299743006139552,0.0,0.0
18.56,1.2994570941297008,0.0,0.0
18.57,1.2991712450135633,0.0,0.0
18.58,1.2988854587773055,0.0,0.0
18.59,1.2985997354070953,0.0,0.0
18.6,1.298314074889104,0.0,0.0
18.61,1.2980284772095054,0.0,0.0
18.62,1.2977429423544773,0.0,0.0
18.63,1.2974574703102,0.0,0.0
18.64,1.297172061062857,0.0,0.0
18.65,1.2968867145986351,0.0,0.0
18.66,1.2966014309037235,0.0,0.0
18.67,1.2963162099643153,0.0,0.0
18.68,1.2960310517666063,0.0,0.0
18.69,1.295745956296795,0.0,0.0
18.7,1.2954609235410839,0.0,0.0
18.71,1.2951759534856773,0.0,0.0
18.72,1.294891046116784,0.0,0.0
18.73,1.294606201420615,0.0,0.0
18.74,1.2943214193833836,0.0,0.0
18.75,1.2940366999913087,0.0,0.0
18.76,1.2937520432306093,0.0,0.0
18.77,1.2934674490875098,0.0,0.0
18.78,1.293182917548236,0.0,0.0
18.79,1.292898448599018,0.0,0.0
18.8,1.2926140422260886,0.0,0.0
18.81,1.2923296984156827,0.0,0.0
18.82,1.29204541715404,0.0,0.0
18.83,1.291761198427402,0.0,0.0
18.84,1.2914770422220139,0.0,0.0
18.85,1.291192948524123,0.0,0.0
18.86,1.2909089173199817,0.0,0.0
18.87,1.2906249485958425,0.0,0.0
18.88,1.2903410423379644,0.0,0.0
18.89,1.2900571985326061,0.0,0.0
18.9,1.2897734171660187,0.0,0.0
18.91,1.2894896982244557,0.0,0.0
18.92,1.289206041694186,0.0,0.0
18.93,1.2889224475614816,0.0,0.0
18.94,1.288638915812617,0.0,0.0
18.95,1.2883554464338707,0.0,0.0
18.96,1.2880720394115228,0.0,0.0
18.97,1.2877886947318578,0.0,0.0
18.98,1.287505412381162,0.0,0.0
18.99,1.2872221923457257,0.0,0.0
19.0,1.286939034611841,0.0,0.0
19.01,1.286655939165804,0.0,0.0
19.02,1.2863729059939135,0.0,0.0
19.03,1.2860899350824708,0.0,0.0
19.04,1.2858070264177812,0.0,0.0
19.05,1.285524179986152,0.0,0.0
19.06,1.2852413957738942,0.0,0.0
19.07,1.2849586737673209,0.0,0.0
19.08,1.2846760139527489,0.0,0.0
19.09,1.284393416316498,0.0,0.0
19.1,1.284110880844891,0.0,0.0
19.11,1.2838284075242528,0.0,0.0
19.12,1.2835459963409124,0.0,0.0
19.13,1.2832636472812013,0.0,0.0
19.14,1.282981360331454,0.0,0.0
19.15,1.2826991354780082,0.0,0.0
19.16,1.282416972707204,0.0,0.0
19.17,1.282134872005385,0.0,0.0
19.18,1.2818528333588977,0.0,0.0
19.19,1.2815708567540913,0.0,0.0
19.2,1.2812889421773188,0.0,0.0
19.21,1.2810070896149353,0.0,0.0
19.22,1.2807252990532991,0.0,0.0
19.23,1.2804435704787716,0.0,0.0
19.24,1.280161903877717,0.0,0.0
19.25,1.2798802992365028,0.0,0.0
19.26,1.2795987565414995,0.0,0.0
19.27,1.27931727577908,0.0,0.0
19.28,1.279035856935621,0.0,0.0
19.29,1.2787544999975016,0.0,0.0
19.3,1.2784732049511036,0.0,0.0
19.31,1.278191971782813,0.0,0.0
19.32,1.2779108004790176,0.0,0.0
19.33,1.2776296910261085,0.0,0.0
19.34,1.27734864341048,0.0,0.0
19.35,1.2770676576185294,0.0,0.0
19.36,1.2767867336366565,0.0,0.0
19.37,1.276505871451265,0.0,0.0
19.38,1.2762250710487604,0.0,0.0
19.39,1.275944332415552,0.0,0.0
19.4,1.275663655538052,0.0,0.0
19.41,1.2753830404026754,0.0,0.0
19.42,1.27510248699584,0.0,0.0
19.43,1.2748219953039674,0.0,0.0
19.44,1.274541565313481,0.0,0.0
19.45,1.2742611970108082,0.0,0.0
19.46,1.2739808903823786,0.0,0.0
19.47,1.2737006454146256,0.0,0.0
19.48,1.2734204620939846,0.0,0.0
19.49,1.2731403404068953,0.0,0.0
19.5,1.2728602803397986,0.0,0.0
19.51,1.27258028187914,0.0,0.0
19.52,1.2723003450113675,0.0,0.0
19.53,1.2720204697229316,0.0,0.0
19.54,1.2717406560002864,0.0,0.0
19.55,1.2714609038298883,0.0,0.0
19.56,1.2711812131981977,0.0,0.0
19.57,1.2709015840916769,0.0,0.0
19.58,1.2706220164967916,0.0,0.0
19.59,1.270342510400011,0.0,0.0
19.6,1.2700630657878065,0.0,0.0
19.61,1.269783682646653,0.0,0.0
19.62,1.269504360963028,0.0,0.0
19.63,1.2692251007234125,0.0,0.0
19.64,1.26894590191429,0.0,0.0
19.65,1.268666764522147,0.0,0.0
19.66,1.268387688533473,0.0,0.0
19.67,1.2681086739347611,0.0,0.0
19.68,1.2678297207125064,0.0,0.0
19.69,1.267550828853208,0.0,0.0
19.7,1.267271998343367,0.0,0.0
19.71,1.266993229169488,0.0,0.0
19.72,1.2667145213180788,0.0,0.0
19.73,1.26643587477565,0.0,0.0
19.74,1.2661572895287143,0.0,0.0
19.75,1.2658787655637889,0.0,0.0
19.76,1.2656003028673932,0.0,0.0
19.77,1.2653219014260495,0.0,0.0
19.78,1.2650435612262831,0.0,0.0
19.79,1.2647652822546225,0.0,0.0
19.8,1.2644870644975992,0.0,0.0
19.81,1.2642089079417476,0.0,0.0
19.82,1.2639308125736046,0.0,0.0
19.83,1.2636527783797111,0.0,0.0
19.84,1.2633748053466103,0.0,0.0
19.85,1.263096893460848,0.0,0.0
19.86,1.262819042708974,0.0,0.0
19.87,1.2625412530775406,0.0,0.0
19.88,1.2622635245531029,0.0,0.0
19.89,1.2619858571222191,0.0,0.0
19.9,1.2617082507714505,0.0,0.0
19.91,1.2614307054873612,0.0,0.0
19.92,1.2611532212565182,0.0,0.0
19.93,1.260875798065492,0.0,0.0
19.94,1.2605984359008557,0.0,0.0
19.95,1.2603211347491856,0.0,0.0
19.96,1.2600438945970602,0.0,0.0
19.97,1.2597667154310621,0.0,0.0
19.98,1.2594895972377762,0.0,0.0
19.99,1.2592125400037908,0.0,0.0
20.0,1.2589355437156964,0.0,0.0
